city,location,n_train,median_lat,median_lon,median_ppsf,grouped_as_other
Faisalabad,Satiana Road,89,31.37861,73.12924,6060.606060606061,False
Faisalabad,Canal Road,63,31.431648,73.155627,7805.325987144169,False
Faisalabad,Eden Valley,60,31.436061,73.154585,9182.736455463728,False
Faisalabad,Eden Gardens,59,31.425441,73.145077,7346.189164370982,False
Faisalabad,WAPDA City,58,31.502824,73.21435,6121.824303642486,False
Faisalabad,Madina Town,44,31.41764,73.120401,7975.862521317067,False
Faisalabad,Samundari Road,32,31.391121,73.075386,5142.332415059688,False
Faisalabad,Al Noor Garden,29,31.421522,73.139779,6887.052341597796,False
Faisalabad,Millat Town,28,31.493164,73.102634,4407.713498622589,False
Faisalabad,Jaranwala Road,26,31.403427,73.138339,3902.6629935720844,False
Faisalabad,Peoples Colony No 2,26,31.398118,73.096833,6553.134652308207,False
Faisalabad,Green Town,22,31.46328,73.097187,5583.103764921947,False
Faisalabad,Muslim Town,22,31.461541,73.086584,5695.062513244331,False
Faisalabad,Mansoorabad,20,31.435657,73.118598,5922.865013774104,False
Faisalabad,Nisar Colony,20,31.379581,73.065255,6170.798898071625,False
Faisalabad,Peoples Colony No 1,20,31.410645,73.108077,10093.748411505421,False
Faisalabad,Ghulam Mohammad Abad,19,31.44082,73.043532,7346.189164370982,True
Faisalabad,Khayaban Colony 2,18,31.427601,73.13118,5860.255447032307,True
Faisalabad,Sargodha Road,18,31.444042,73.088565,5624.426078971534,True
Faisalabad,Others,17,31.4187,73.0791,4530.149984695439,True
Faisalabad,Lahore Sheikhupura Faisalabad Road,16,31.463244,73.16133,5050.50505050505,True
Faisalabad,Officers Colony,15,31.429589,73.142782,7870.916961826053,True
Faisalabad,Samanabad,14,31.389912,73.068852,7975.862521317067,True
Faisalabad,Amin Town,13,31.442321,73.128126,7215.007215007215,True
Faisalabad,Gulistan Colony No 1,13,31.441735,73.100789,7346.189164370982,True
Faisalabad,Nishatabad,13,31.45173,73.117089,4224.058769513315,True
Faisalabad,D Type Colony,12,31.380643,73.080497,6900.170536534173,True
Faisalabad,Eden Orchard,12,31.484528,73.085066,6801.903330828951,True
Faisalabad,Four Season Housing,12,31.343192,73.064783,6611.570247933884,True
Faisalabad,Gulshan E Madina,12,31.421696,73.118615,7256.601491634751,True
Faisalabad,Makkah Garden,12,31.508298,73.067842,6963.9887821706,True
Faisalabad,Manawala,12,31.46059,73.139663,4199.571472298745,True
Faisalabad,Civil Lines,11,31.442944,73.085339,6887.052341597796,True
Faisalabad,Khayaban Colony,11,31.427272,73.135886,5833.738454059309,True
Faisalabad,Raza Abad,11,31.42599,73.048217,6887.052341597796,True
Faisalabad,Saeed Colony,11,31.434925,73.129199,6887.052341597796,True
Faisalabad,Ahmadabad,10,31.445433,73.109622,5509.641873278237,True
Faisalabad,Citi Housing Society,10,31.4754756111725,73.070981154413,6134.06795224977,True
Faisalabad,Jhang Road,10,31.40016,73.030949,7309.458218549127,True
Faisalabad,Kaleem Shaheed Colony No 1,10,31.432764,73.039556,6550.35200489746,True
Faisalabad,Narwala Road,10,31.440014,73.022161,5325.987144168963,True
Faisalabad,Rachna Town,10,31.390571,73.115802,6207.529843893481,True
Faisalabad,Gulberg,9,31.424598,73.061435,11019.283746556473,True
Faisalabad,Millat Road,9,31.452515,73.09865,3232.3232323232323,True
Faisalabad,Shalimar Park,9,31.376022,73.091042,4897.459442913988,True
Faisalabad,Sitara Colony,9,31.372253,73.03658,4443.259575224384,True
Faisalabad,Canal Park,8,31.401256,73.080894,8922.794377339833,True
Faisalabad,Ghalib City,8,31.421539,73.14799,5509.641873278237,True
Faisalabad,Gulfishan Colony,8,31.405993,73.04251,6810.529537802266,True
Faisalabad,Jaranwala,8,31.334285,73.419542,4285.277012549739,True
Faisalabad,Shahbaz Town,8,31.413465,73.03899,7136.298045388955,True
Faisalabad,Sheikh Colony,8,31.411157,73.044569,7897.153351698807,True
Faisalabad,Sir Syed Town,8,31.405004,73.07795,9335.78206305479,True
Faisalabad,Usman Town,8,31.45994,73.099787,6366.697275788185,True
Faisalabad,204 Chak Road,7,31.404153,73.136959,6611.570247933884,True
Faisalabad,Ali Housing Colony,7,31.40896,73.037574,5799.623024503408,True
Faisalabad,Allama Iqbal Colony,7,31.386358,73.083158,4706.152433425161,True
Faisalabad,Green View Colony,7,31.445021,73.071737,6244.260789715335,True
Faisalabad,Jhumra Road,7,31.470089,73.131566,3966.9421487603304,True
Faisalabad,Lasani Town,7,31.463701,73.077271,8080.80808080808,True
Faisalabad,Abdullahpur,6,31.423683,73.10636,6427.9155188246095,True
Faisalabad,Bawa Chack 120 Jb,6,31.478758,73.080435,4110.367746731383,True
Faisalabad,Chak 208 Road,6,31.434052402588,73.14558336279299,8818.593458091891,True
Faisalabad,D Ground,6,31.406213,73.107269,14990.519122750527,True
Faisalabad,Gatwala Chowk,6,31.466749,73.191842,4071.013161922253,True
Faisalabad,Hilal Road,6,31.386351,73.099423,5509.641873278237,True
Faisalabad,Johar Colony,6,31.457627,73.106444,4836.241199877564,True
Faisalabad,Khayaban Gardens,6,31.473328,73.089108,8172.635445362717,True
Faisalabad,Nemat Colony No 2,6,31.410645,73.12687700000001,6213.6516681971225,True
Faisalabad,Punjab Govt Servants Housing Foundation,6,31.367585,73.137177,3623.947542001319,True
Faisalabad,Raza Garden,6,31.451813,73.161905,9326.21671258035,True
Faisalabad,Shadab Colony,6,31.40559,73.035944,4866.850321395776,True
Faisalabad,Susan Road,6,31.421993,73.117657,7159.965837651787,True
Faisalabad,Tariqabad,6,31.425221,73.102255,6366.697275788185,True
Faisalabad,Canal Expressway,5,31.455928,73.175679,6121.824303642486,True
Faisalabad,Daewoo Road,5,31.470082,73.068243,4775.022956841139,True
Faisalabad,Dhudi Wala,5,31.403612,73.149891,3673.094582185491,True
Faisalabad,Gulberg Valley,5,31.40758,73.155067,7095.750897403789,True
Faisalabad,Gulshan E Hayat,5,31.41578,73.045905,9182.736455463728,True
Faisalabad,Khurianwala,5,31.497037,73.27109,3305.785123966942,True
Faisalabad,Nazimabad,5,31.407751,73.069203,10407.101316192226,True
Faisalabad,Rasool Park,5,31.418482,73.13314,5509.641873278237,True
Faisalabad,Riaz Ul Jannah,5,31.47668,73.063024,5509.641873278237,True
Faisalabad,Shahzad Colony,5,31.395879,73.111181,5693.2966023875115,True
Faisalabad,Waris Pura,5,31.381486,73.095031,4224.058769513315,True
Faisalabad,Zia Colony,5,31.441479,73.142581,6887.052341597796,True
Faisalabad,Air Avenue City,4,31.391487,72.995389,7096.943460579825,True
Faisalabad,Al Najaf Colony,4,31.40288,73.122153,7116.620752984389,True
Faisalabad,Ali Garden,4,31.381594,72.979866,4958.677685950413,True
Faisalabad,Bilal Nagar,4,31.469658,73.105807,4438.3226201408015,True
Faisalabad,Gulbahar Colony,4,31.399803,73.1059329370955,6398.213945383757,True
Faisalabad,Gulshan Colony,4,31.431858,73.054833,9631.670237730843,True
Faisalabad,Jail Road,4,31.442413,73.081416,6978.879706152433,True
Faisalabad,Kaleem Shaheed Colony No 2,4,31.435291,73.026674,6244.260789715336,True
Faisalabad,Nemat Colony No 1,4,31.411524,73.123183,6978.879706152433,True
Faisalabad,Nighabanpura,4,31.434668,73.108764,5142.332415059687,True
Faisalabad,Partab Nagar,4,31.410645,73.061557,6786.042240587694,True
Faisalabad,Raheem Gardens,4,31.372619,73.057237,4777.209322663868,True
Faisalabad,Shadman Colony,4,31.399656,73.115029,5379.102972685861,True
Faisalabad,Sitara Sapna City,4,31.461569,73.063812,11160.556615102068,True
Faisalabad,Al Rehmat Villas,3,31.410484,73.151891,4407.713498622589,True
Faisalabad,Babuwala,3,31.398631,73.01689,3390.5488450943,True
Faisalabad,Daniyal Town,3,31.377251,73.116134,3305.785123966942,True
Faisalabad,Dhandharan Chak 66 Jb,3,31.390352,72.968481,4132.231404958678,True
Faisalabad,Faisal Town,3,31.458576,73.160355,8448.11753902663,True
Faisalabad,Garden Colony,3,31.397495,73.105595,7346.189164370982,True
Faisalabad,Gulistan Colony No 2,3,31.447154,73.09375,7870.916961826053,True
Faisalabad,Gulshan E Rafique,3,31.374964,73.064997,6887.052341597796,True
Faisalabad,Haji Abad,3,31.495707,73.335301,8681.859921529343,True
Faisalabad,Islamia Park,3,31.436792,73.099751,6244.260789715335,True
Faisalabad,Ismail Green Valley,3,31.496821,73.113337,5876.951331496786,True
Faisalabad,Judicial Employees Coop Housing Society,3,31.488279,73.211578,3856.749311294766,True
Faisalabad,Kareem City,3,31.476118,73.064514,6244.260789715335,True
Faisalabad,Kashmir Road,3,31.446369,73.127801,4897.459442913988,True
Faisalabad,Latif Garden,3,31.466705,73.177667,3060.912151821243,True
Faisalabad,Madina Gardens,3,31.365301,73.138832,2938.475665748393,True
Faisalabad,Mahmoodabad,3,31.4313,73.103356,7346.189164370982,True
Faisalabad,New Green Town,3,31.493355,73.109049,9182.736455463728,True
Faisalabad,Rabbani Colony,3,31.389472,73.106618,5509.641873278237,True
Faisalabad,Saifabad,3,31.402806,73.033798,5436.179981634527,True
Faisalabad,Satellite Town,3,31.369541,73.066106,6611.570247933884,True
Faisalabad,Suhail Abad,3,31.404308,73.098986,4701.561065197428,True
Faisalabad,Yousaf Town,3,31.513081,73.064791,3673.094582185491,True
Faisalabad,Abdullah City,2,31.362066,73.065248,6244.260789715336,True
Faisalabad,Afghanabad,2,31.419691,73.05671749999999,7438.01652892562,True
Faisalabad,Ali Town,2,31.400535291748,73.13923522509751,5457.16909353273,True
Faisalabad,Canal Garden,2,31.459646,73.172035,8380.679260601479,True
Faisalabad,Chak 279/rb Kalan,2,31.421888,73.056843,5448.423630241812,True
Faisalabad,Chak Jhumra,2,31.570492,73.183866,4074.839302112029,True
Faisalabad,Chibban,2,31.434888,73.10267,4836.241199877563,True
Faisalabad,Gatwala Park Road,2,31.479016,73.212276,3813.0219948401764,True
Faisalabad,Gobind Pura,2,31.425064499999998,73.06416300000001,7748.816839725931,True
Faisalabad,Gulshan Rehman,2,31.386574,73.117722,7040.097949188858,True
Faisalabad,Guru Nanak Pura,2,31.415992,73.062079,9182.736455463728,True
Faisalabad,Hassan Villas,2,31.431487,73.150227,7468.6256504438325,True
Faisalabad,Imran Road,2,31.426972151645,73.134941472275,4711.618347981985,True
Faisalabad,Ismail City,2,31.467713,73.066284,7120.303668675084,True
Faisalabad,Karim Town,2,31.386175,73.102723,5125.636530595208,True
Faisalabad,Kehkishan Colony No 1,2,31.402367,73.134513,3673.094582185491,True
Faisalabad,Khalid Abad,2,31.410498,73.071685,9044.995408631772,True
Faisalabad,Khawaja Islam Road,2,31.402765,73.115795,6805.063623245442,True
Faisalabad,Liaquat Town,2,31.414637,73.0491195,6942.148760330578,True
Faisalabad,Munianwala,2,31.481746,73.196139,3489.4398530762164,True
Faisalabad,Muzaffar Colony,2,31.376576,73.050792,4958.677685950413,True
Faisalabad,Paradise Valley,2,31.473035,73.195024,10057.282784555511,True
Faisalabad,Rehman Town,2,31.463848,73.124306,5791.476803483664,True
Faisalabad,Rehman Villas,2,31.367676,73.134282,5876.951331496786,True
Faisalabad,Saddar,2,31.369504,72.939849,7713.498622589532,True
Faisalabad,Samanabad Road,2,31.391063,73.071401,6978.879706152433,True
Faisalabad,Smd Homes,2,31.487271,73.090933,4958.677685950413,True
Faisalabad,Taj Colony,2,31.441186,73.09237,7422.7119681665135,True
Faisalabad,Tezab Mill Road,2,31.4120365,73.1261595,5264.7689011325365,True
Faisalabad,Umer Garden,2,31.40925,73.1244415,8999.081726354454,True
Faisalabad,Valencia Gardens,2,31.350448,73.059597,5356.596265687174,True
Faisalabad,Vista Homes,2,31.469186,73.095636,5353.535353535353,True
Faisalabad,Zulfiqar Colony,2,31.387105499999997,73.08827,4713.804713804713,True
Faisalabad,Al Jameel Housing Scheme,1,31.407028,73.054555,7346.189164370982,True
Faisalabad,Amir Town,1,31.459133,73.18246,7599.506032107913,True
Faisalabad,Aqsa Town,1,31.451589,73.095632,9182.736455463728,True
Faisalabad,Ayub Colony,1,31.405993,73.055134,8448.11753902663,True
Faisalabad,Bakar Mandi Road,1,31.41630331068,73.038600683212,6427.9155188246095,True
Faisalabad,Chak 208 Rb Dogranwala,1,31.425148,73.161879,2571.166207529844,True
Faisalabad,Chak 209 Rb Akalgarh,1,31.413841,73.180059,3673.094582185491,True
Faisalabad,Chak Bahga,1,31.481746,73.172364,2203.8567493112946,True
Faisalabad,Chenab Gardens,1,31.346967,73.077707,5676.600717923032,True
Faisalabad,Circular Road,1,31.417119,73.082237,5876.951331496786,True
Faisalabad,Defence Fort Housing Scheme,1,31.35766,73.066266,4132.231404958678,True
Faisalabad,Diglus Pura,1,31.415871,73.073577,16324.864809713294,True
Faisalabad,Dilawar Colony,1,31.377423,73.065517,5142.332415059688,True
Faisalabad,Faisal Gardens,1,31.463152,73.173137,12855.831037649219,True
Faisalabad,Faisalabad Sangla Hill Road,1,31.500963,73.148908,2938.475665748393,True
Faisalabad,Farooqabad,1,31.43086,73.118033,9182.736455463728,True
Faisalabad,Gulgasht Colony,1,31.389349,73.104164,6978.879706152434,True
Faisalabad,Gulshan E Ali Housing Scheme,1,31.365319,73.13608,3966.9421487603304,True
Faisalabad,Hajveeri Town,1,31.436719,73.095975,3673.094582185491,True
Faisalabad,Harchan Pura,1,31.412989,73.064954,5050.50505050505,True
Faisalabad,Himat Pura,1,31.404565,73.139663,5050.50505050505,True
Faisalabad,Ilahi Abad,1,31.378887,73.10737,4132.231404958678,True
Faisalabad,Iqbal Town,1,31.447996,73.058072,3673.094582185491,True
Faisalabad,Ismail Valley,1,31.492433,73.058345,6856.443220079584,True
Faisalabad,Jameel Town,1,31.445323,73.059014,4775.022956841139,True
Faisalabad,Jhaal Chowk,1,31.410655,73.093817,14692.378328741965,True
Faisalabad,Jhang Bazar,1,31.416576,73.076872,4407.713498622589,True
Faisalabad,Jinnah Colony,1,31.420424,73.068065,11631.466176920723,True
Faisalabad,Kamal Abad,1,31.42262,73.04294,7640.036730945822,True
Faisalabad,Kareem Garden,1,31.362637,73.14266,3673.094582185491,True
Faisalabad,Kehkishan Colony No 2,1,31.405151,73.136315,6427.9155188246095,True
Faisalabad,Khawaja Gardens,1,31.391758,73.106586,7346.189164370982,True
Faisalabad,Khurrianwala Town,1,31.502239,73.270125,5142.332415059688,True
Faisalabad,Kohinoor Town,1,31.415799,73.117983,17141.10805019896,True
Faisalabad,Lalazar,1,31.373468,73.129473,4897.459442913988,True
Faisalabad,Lasani Garden,1,31.457771,73.071649,12243.648607284971,True
Faisalabad,Liaqat Road,1,31.425346,73.076227,8080.80808080808,True
Faisalabad,Madan Pura,1,31.433268,73.051089,4591.368227731864,True
Faisalabad,Mediacom Avenue,1,31.435489,73.140307,6427.9155188246095,True
Faisalabad,Mian Zulfiqar Ali Shahid Road,1,31.472813,73.086697,6611.570247933884,True
Faisalabad,Millat Chowk,1,31.447442,73.096751,4285.27701254974,True
Faisalabad,Model Town,1,31.424708,73.068688,12243.648607284971,True
Faisalabad,Mohammad Nagar,1,31.39614,73.11812,5050.50505050505,True
Faisalabad,Murababad,1,31.449936,73.036973,3992.4941110711866,True
Faisalabad,Nawaban Wala,1,31.383794,73.060026,5050.50505050505,True
Faisalabad,Nazimabad Villas,1,31.40258,73.06144,9550.045913682277,True
Faisalabad,New Garden Town,1,31.392599684437,73.107631355524,4407.713498622589,True
Faisalabad,Niamuana Bypass Road,1,31.340631,73.080618,4407.713498622589,True
Faisalabad,Qamar Garden,1,31.459711,73.15537,7974.481658692185,True
Faisalabad,Quaid E Azam Park,1,31.40945,73.062918,2877.257422711968,True
Faisalabad,Raja Colony,1,31.427748,73.05451,6611.570247933884,True
Faisalabad,Raja Park,1,31.382292,73.049591,1469.2378328741966,True
Faisalabad,Rasheed Nagar,1,31.377236,73.067222,4040.40404040404,True
Faisalabad,Ravi Gardens,1,31.383831,73.13379,4820.936639118458,True
Faisalabad,Rehman Gardens,1,31.386322,73.126273,5008.765339343851,True
Faisalabad,Rehman Pura,1,31.420826,73.051779,6121.824303642486,True
Faisalabad,Rehmania Town,1,31.407885,73.06531,11019.283746556473,True
Faisalabad,Ryaz Ul Jannah,1,31.477812,73.058962,2571.166207529844,True
Faisalabad,Sahianwala,1,31.639098,73.234582,4765.095674186583,True
Faisalabad,Santpura,1,31.414564,73.071606,13223.140495867769,True
Faisalabad,Siddiqia Mill Colony,1,31.390424728394,73.090141296387,5436.179981634527,True
Faisalabad,Sitara Supreme City,1,31.496927,73.072362,8448.11753902663,True
Faisalabad,Sitara Valley,1,31.467252,73.17525,6766.2268619206425,True
Faisalabad,Umair Town,1,31.484295,73.076408,3673.094582185491,True
Faisalabad,Umer Valley,1,31.467841,73.17932,5142.332415059688,True
Faisalabad,University Town,1,31.496897,73.080618,4591.368227731864,True
Faisalabad,WAPDA Town,1,31.483082,73.166882,2556.473829201102,True
Faisalabad,Yasrab Colony,1,31.413896,73.101079,6244.260789715335,True
Faisalabad,Younas Town,1,31.382585,73.123012,5693.2966023875115,True
Islamabad,DHA Defence,742,33.527944,73.161392,6303.895802328405,False
Islamabad,G-13,483,33.650065,72.96303,12521.913348359629,False
Islamabad,E-11,438,33.698137,72.978215,10431.935131763605,False
Islamabad,G-11,413,33.669533,73.000073,12104.51623674764,False
Islamabad,Bahria Town,400,33.685404,73.218813,8099.482453110477,False
Islamabad,F-11,399,33.683532,72.99041,10101.0101010101,False
Islamabad,Ghauri Town,325,33.61855,73.130908,6244.260789715335,False
Islamabad,G-15,267,33.631486,72.926559,7162.534435261708,False
Islamabad,I-8,255,33.66764,73.07416,14430.01443001443,False
Islamabad,F-10,252,33.691531,73.005431,13170.667716122261,False
Islamabad,Soan Garden,240,33.564427,73.157101,5693.2966023875115,False
Islamabad,Gulberg,214,33.60983,73.170133,6426.997245179064,False
Islamabad,B-17,209,33.68064,72.822189,4999.606454151909,False
Islamabad,Bani Gala,201,33.713488,73.16268,5387.2053872053875,False
Islamabad,Bhara Kahu,163,33.737402,73.179159,4040.40404040404,False
Islamabad,I-10,154,33.646421,73.035994,11019.283746556473,False
Islamabad,F-8,152,33.713131,73.038383,16952.7442254715,False
Islamabad,H-13,151,33.637489,72.972193,5739.2102846648295,False
Islamabad,G-9,145,33.686496,73.034227,12855.831037649219,False
Islamabad,G-10,143,33.676104,73.013842,11640.088464672332,False
Islamabad,F-7,141,33.720413,73.056493,18365.472910927456,False
Islamabad,CBR Town,119,33.559385,73.141265,7040.097949188858,False
Islamabad,PWD Housing Scheme,114,33.570792,73.145256,5692.00325922477,False
Islamabad,D-17,103,33.659746,72.860341,4748.1466550202695,False
Islamabad,F-6,101,33.730907,73.074524,16528.92561983471,False
Islamabad,Pakistan Town,95,33.575405,73.143325,5509.641873278237,False
Islamabad,F-17,94,33.631987,72.880297,6402.641932249939,False
Islamabad,Fechs,90,33.572008,73.174596,6001.574183392366,False
Islamabad,D-12,88,33.701636,72.948532,15088.905584773354,False
Islamabad,National Police Foundation O-9,62,33.570792,73.13251,5693.2966023875115,False
Islamabad,I-14,56,33.609902,72.967386,8305.274971941639,False
Islamabad,G-8,53,33.697423,73.049555,12855.831037649219,False
Islamabad,Korang Town,51,33.579034,73.139591,6060.606060606061,False
Islamabad,River Garden,44,33.551696,73.166027,5789.456752569028,False
Islamabad,Lehtarar Road,38,33.639311,73.148646,3673.094582185491,False
Islamabad,Diplomatic Enclave,37,33.728873,73.119628,17447.199265381085,False
Islamabad,G-14,35,33.641955,72.952859,12121.212121212122,False
Islamabad,I-9,35,33.657424,73.05459,10789.71533516988,False
Islamabad,Islamabad Expressway,33,33.632166,73.111507,6190.6088463800415,False
Islamabad,Naval Anchorage,33,33.57173538208,73.198629,6952.64331627968,False
Islamabad,Zaraj Housing Scheme,31,33.513454,73.151522,6364.2727909154555,False
Islamabad,Burma Town,30,33.643635,73.125243,4077.134986225895,False
Islamabad,Kuri Road,28,33.678171,73.162161,5303.030303030303,False
Islamabad,E-7,27,33.727409,73.047581,19513.314967860424,False
Islamabad,G-6,26,33.713238,73.08712700000001,12626.262626262625,False
Islamabad,Shaheen Town,26,33.641747,73.217908,4521.987552290582,False
Islamabad,Ali Pur,25,33.644278,73.173237,3397.6124885215795,False
Islamabad,Chak Shahzad,24,33.658353,73.144054,4180.649469905668,False
Islamabad,Alipur Farash,21,33.65069,73.202934,4315.886134067952,False
Islamabad,Chatha Bakhtawar,21,33.66647,73.153934,6023.875114784206,False
Islamabad,Tarnol,21,33.650065,72.90699,3213.9577594123048,False
Islamabad,Green Avenue,20,33.668941,73.151413,10268.423255436242,False
Islamabad,Emaar Canyon Views,19,33.518929,73.184692,4722.550177095632,True
Islamabad,Faisal Town F-18,19,33.616692,72.858996,7575.757575757576,True
Islamabad,Islamabad Highway,19,33.647367898393,73.097826,6136.294070178368,True
Islamabad,Jhangi Syedan,19,33.624658,72.943627,4040.40404040404,True
Islamabad,National Police Foundation,19,33.700462,72.981226,5876.951331496786,True
Islamabad,PWD Road,19,33.567125,73.134901,5120.071235773716,True
Islamabad,Islamabad Murree Expressway,18,33.787709141235496,73.272972053467,3870.6755513737826,True
Islamabad,Taramrri,18,33.64192,73.165727,4530.149984695439,True
Islamabad,Kashmir Highway,17,33.600282,72.88833,14265.274307557605,True
Islamabad,Koral Chowk,17,33.604816,73.130286,4530.149984695439,True
Islamabad,Khanna Pul,16,33.629662,73.112268,5495.936296479037,True
Islamabad,Margalla Town,16,33.668854,73.106169,12488.521579430671,True
Islamabad,Simly Dam Road,16,33.714845,73.238712,2571.166207529844,True
Islamabad,Arsalan Town,15,33.642491,73.213663,3810.835629017447,True
Islamabad,F-15,15,33.639383,72.918105,8962.350780532599,True
Islamabad,I-13,15,33.621213,72.995331,6296.733569460842,True
Islamabad,Shah Allah Ditta,15,33.712988384938,72.921280860901,4866.850321395776,True
Islamabad,Thanda Pani,15,33.648957,73.219124,3358.257903712449,True
Islamabad,I-16,14,33.598499,72.935607,2809.810579366605,True
Islamabad,Park Road,14,33.66789,73.149333,7529.843893480257,True
Islamabad,G-7,13,33.705456,73.067193,9756.657483930212,True
Islamabad,GT Road,13,33.523954,73.149059,4328.129782675237,True
Islamabad,Karakoram Diplomatic Enclave,13,33.724426,73.120331,20614.30632859204,True
Islamabad,Pir Sohawa,13,33.806977,73.128156,4532.75501631401,True
Islamabad,Tarlai,13,33.640276,73.153925,4040.40404040404,True
Islamabad,I-11,12,33.633018,73.019991,4079.3611041544928,True
Islamabad,I-12,12,33.629628,73.002419,3710.5751391465674,True
Islamabad,Swan Garden,12,33.564785,73.157001,5785.123966942148,True
Islamabad,Chattar,10,33.779609,73.24023,3520.048974594429,True
Islamabad,Jhang Syedan,10,33.643983,73.208041,3342.516069788797,True
Islamabad,Motorway Chowk,10,33.631691,72.938467,5142.332415059687,True
Islamabad,The Springs,10,33.615388,73.119838,6772.816388732387,True
Islamabad,Blue Area,9,33.713845,73.06097,16571.63602195315,True
Islamabad,E-18,9,33.631987,72.853518,3489.439853076217,True
Islamabad,Koral Town,9,33.602038,73.141966,4667.584940312213,True
Islamabad,Madina Town,9,33.583344,73.151583,4407.713498622589,True
Islamabad,Marwa Town,9,33.62902,73.152889,4040.40404040404,True
Islamabad,Royal Avenue,9,33.657541,73.161258,8815.426997245178,True
Islamabad,Garden Town,8,33.636132,73.113921,6841.138659320477,True
Islamabad,C-18,7,33.668354,72.826567,4147.042270209426,True
Islamabad,Paec Employees Cooperative Housing Society,7,33.480561,73.205827,4197.822379640562,True
Islamabad,Park View City,7,33.720586,73.222006,10101.0101010101,True
Islamabad,E-14,6,33.66964,72.923294,3195.592286501377,True
Islamabad,E-16,6,33.6538025,72.881906,3738.685556867375,True
Islamabad,Fateh Jang Road,6,33.596402,72.828245,4383.226201408019,True
Islamabad,Gulshan E Khudadad,6,33.626837,72.98273,5765.446674537584,True
Islamabad,Meherban Colony,6,33.659174,73.150363,7713.498622589532,True
Islamabad,Naval Farms Housing Scheme,6,33.721306,73.217903,2571.1662075298436,True
Islamabad,Rawal Town,6,33.686032,73.117268,9749.005203550658,True
Islamabad,Top City 1,6,33.587954,72.86725,5331.088664421997,True
Islamabad,Frash Town,5,33.652051,73.203666,4652.586470768289,True
Islamabad,H-12,5,33.641781,72.981633,4177.244818956049,True
Islamabad,Ijp Road,5,33.635399,73.032571,10284.664830119376,True
Islamabad,Multi Residencia And Orchards,5,33.718343,72.705518,5050.50505050505,True
Islamabad,New Shakrial,5,33.640419,73.110943,4407.713498622589,True
Islamabad,Others,5,33.7294,73.0931,5085.823267641449,True
Islamabad,Sarai Kharbuza,5,33.680988,72.905316,2081.420263238445,True
Islamabad,Shahpur,5,33.742738,73.214865,3122.1303948576674,True
Islamabad,Shehzad Town,5,33.671872,73.140278,9083.997353792074,True
Islamabad,Spring Valley,5,33.73478,73.195541,2295.684113865932,True
Islamabad,9th Avenue,4,33.687809,73.045263,12276.444094625913,True
Islamabad,Aghosh,4,33.555916,73.146371,3902.6629935720844,True
Islamabad,Al Huda Town,4,33.641419,73.197355,5004.591368227731,True
Islamabad,D-14,4,33.70341,72.926426,2773.186409550046,True
Islamabad,G-16,4,33.625197,72.91531549999999,8723.59963269054,True
Islamabad,Golra Mor,4,33.625639,72.969872,6703.397612488521,True
Islamabad,Jinnah Avenue,4,33.709454,73.055434,15284.75303638462,True
Islamabad,Police Foundation Housing Society,4,33.474215,73.198686,5785.123966942148,True
Islamabad,7th Avenue,3,33.718646,73.070927,16116.639493262868,True
Islamabad,Abdullah Garden,3,33.634773754186,72.98415184021,7608.553063098518,True
Islamabad,Airport Avenue Housing Society,3,33.536143,72.755002,5938.169574533211,True
Islamabad,Airport Enclave,3,33.598178,72.852359,5142.332415059688,True
Islamabad,D-13,3,33.69453,72.929385,2098.911189820281,True
Islamabad,D-18,3,33.653316,72.839949,3673.094582185491,True
Islamabad,G-5,3,33.715207,73.097655,17217.63085399449,True
Islamabad,Golra Road,3,33.677901,72.956535,7805.325987144169,True
Islamabad,H-15,3,33.623339,72.93889,4140.579347190917,True
Islamabad,Iqbal Town,3,33.647564,73.104529,7346.189164370982,True
Islamabad,Judicial Town,3,33.796411,73.249746,5509.641873278237,True
Islamabad,Mumtaz City,3,33.589205,72.860634,8034.894398530762,True
Islamabad,Pakistan Intelligence Bureau Housing Society,3,33.613451,73.173232,6611.570247933884,True
Islamabad,Partal Town,3,33.640991,73.20405,3305.785123966942,True
Islamabad,Phulgran,3,33.733441,73.204446,6244.260789715335,True
Islamabad,Pindorian,3,33.64595,73.117622,3415.977961432507,True
Islamabad,Qutbal Town,3,33.628058,73.127508,2726.994462531653,True
Islamabad,Royal City,3,33.646113,73.236695,4775.022956841139,True
Islamabad,Thalian,3,33.540213,72.911273,679.5224977043159,True
Islamabad,Athal,2,33.730882,73.231434,2343.7841619659803,True
Islamabad,Capital Enclave,2,33.578933,73.15792,5644.96641051665,True
Islamabad,Dhok Chaudhrian,2,33.566573,72.856436,6427.9155188246095,True
Islamabad,E-12,2,33.687424500000006,72.95547049999999,11162.507024108108,True
Islamabad,Embassy Road,2,33.72666862966,73.107082843781,10234.92500765228,True
Islamabad,Engineering Co Operative Housing ECHS,2,33.655924,72.842209,4323.538414447505,True
Islamabad,G-12,2,33.659496,72.981019,3817.394726485636,True
Islamabad,H-11,2,33.651744,73.009579,7242.233657327997,True
Islamabad,Kahuta Road,2,33.526585,73.470111,5451.921815558179,True
Islamabad,Kuri Model Town,2,33.681952,73.184137,4719.40920084326,True
Islamabad,Murree Road,2,33.76201,73.217792,3500.334625142021,True
Islamabad,Raja Akhtar Road,2,33.7464519,73.2009628,3935.4584809130265,True
Islamabad,Sohan Valley,2,33.649494,73.104401,6611.570247933884,True
Islamabad,Tumair,2,33.673918,73.287952,2623.6389872753507,True
Islamabad,University Town,2,33.586238,72.887506,4112.899328210333,True
Islamabad,WAPDA Town,2,33.65851351888,72.813220024109,3783.2874196510566,True
Islamabad,Zero Point,2,33.693798,73.06513,8580.589802646435,True
Islamabad,Zone 5,2,33.574998,73.315366,4624.163715072806,True
Islamabad,12th Avenue,1,33.624151,72.996002,11848.692200598358,True
Islamabad,Agro Farming Scheme,1,33.762376,73.236661,1090.4499540863178,True
Islamabad,Airline Avenue,1,33.59453161124,72.855749130249,9917.355371900827,True
Islamabad,Aiza Garden,1,33.550364,73.150396,3122.1303948576674,True
Islamabad,Atomic Energy Employee Society,1,33.480422,73.201904,6821.461366915913,True
Islamabad,Azmat Town,1,33.732727,73.172035,1836.5472910927456,True
Islamabad,Bokra Road,1,33.628883,73.000788,6821.461366915913,True
Islamabad,C-19,1,33.658424,72.813134,3452.7089072543617,True
Islamabad,City Garden,1,33.519143,72.769285,6427.9155188246095,True
Islamabad,F-9,1,33.701493,73.022861,20406.081012141618,True
Islamabad,H-9,1,33.677211,73.047752,10993.416883301647,True
Islamabad,Islamabad Islamabad Capital,1,33.749464192326,73.061141967773,9290.76864905742,True
Islamabad,Islamabad View Valley,1,33.489352,72.72696,5142.332415059688,True
Islamabad,Jagiot Road,1,33.676393,73.214595,3795.531068258341,True
Islamabad,Japan Road,1,33.568905,73.22962,4285.27701254974,True
Islamabad,Karakoram Enclave 1,1,33.681755,72.985775,30152.268958239107,True
Islamabad,Kuri,1,33.672181,73.178586,8080.80808080808,True
Islamabad,Lawyers Society,1,33.548369,73.095081,4954.40664573857,True
Islamabad,Nih Colony,1,33.679961,73.147874,6678.353785791801,True
Islamabad,PECHS,1,33.586684,72.826599,5142.332415059688,True
Islamabad,Ptv Colony,1,33.740507,73.196239,4132.231404958678,True
Islamabad,Rawal Enclave,1,33.673231,73.267731,2772.146854479616,True
Islamabad,Sangjani,1,33.674783,72.847924,1836.5472910927456,True
Islamabad,Shah Dara,1,33.779001,73.169529,2448.729721456994,True
Islamabad,Sihala,1,33.545091,73.196883,8133.280860553587,True
Islamabad,Sihala Valley,1,33.551548,73.212615,2718.0899908172637,True
Karachi,DHA Defence,2558,24.805045,67.064323,14564.36354482234,False
Karachi,Gulistan E Jauhar,2288,24.920965,67.130384,5949.930714820997,False
Karachi,Gulshan E Iqbal Town,1937,24.911726,67.086039,7460.973370064279,False
Karachi,Bahria Town Karachi,1357,25.01767,67.313384,5465.914556823647,False
Karachi,North Nazimabad,1207,24.941744,67.049437,7109.215320359015,False
Karachi,North Karachi,1181,24.972286,67.066119,7652.280379553107,False
Karachi,Scheme 33,1063,24.954818,67.140593,6611.570247933884,False
Karachi,Gadap Town,1013,25.022073,67.07251,4878.328741965105,False
Karachi,Federal B Area,690,24.92863,67.070754,6121.824303642486,False
Karachi,Jamshed Town,652,24.871447,67.058573,10864.08256702751,False
Karachi,Nazimabad,582,24.916331,67.028146,5744.20090230367,False
Karachi,Malir,579,24.905199050903,67.187483,7652.280379553107,False
Karachi,Clifton,571,24.820432,67.029383,12665.843386846522,False
Karachi,Korangi,374,24.829429,67.11942,5356.596265687175,False
Karachi,Cantt,372,24.937425,67.182856,11917.093256806176,False
Karachi,Liaquatabad,183,24.903253,67.052279,4460.186278368097,False
Karachi,Bin Qasim Town,144,24.852173,67.289715,6121.824303642486,False
Karachi,New Karachi,136,24.9989560387985,67.061148,7460.973370064279,False
Karachi,Shah Faisal Town,132,24.879857,67.169895,5509.641873278237,False
Karachi,Mehmoodabad,124,24.853864,67.075562,4433.045185396282,False
Karachi,Shahra E Faisal,114,24.863953,67.075031,7694.310815070652,False
Karachi,Garden West,106,24.873806,67.016224,5281.799540172746,False
Karachi,Abul Hassan Isphani Road,104,24.941817,67.098056,4345.3236145711135,False
Karachi,University Road,100,24.92252,67.103269,5495.936296479037,False
Karachi,Bath Island,99,24.835661,67.028604,17180.60369086762,False
Karachi,Gulberg Town,94,24.9197705,67.064295,6050.64030011176,False
Karachi,Saddar Town,85,24.860389,67.018219,5509.641873278237,False
Karachi,Jinnah Avenue,84,24.901059,67.180904,6456.41101076077,False
Karachi,Jamshed Road,80,24.88084,67.041705,6399.805101103802,False
Karachi,Civil Lines,79,24.84567,67.030077,15186.83336865155,False
Karachi,Orangi Town,78,24.950888,66.974201,3826.1401897765536,False
Karachi,Khalid Bin Walid Road,73,24.874922,67.057322,11435.105774728416,False
Karachi,Shaheed Millat Road,73,24.876976,67.069237,12579.09103488182,False
Karachi,Navy Housing Scheme Karsaz,69,24.893299,67.103462,24268.660632296996,False
Karachi,Defence View Society,66,24.838874,67.080156,9532.366507288138,False
Karachi,Gizri,60,24.820393,67.0468,5050.50505050505,False
Karachi,Delhi Colony,58,24.831727,67.043931,4028.9256198347102,False
Karachi,Fazaia Housing Scheme,56,25.05711,67.48041599999999,2975.6563782537805,False
Karachi,Frere Town,54,24.841065,67.037424,13664.786392059119,False
Karachi,Sea View Apartments,51,24.791838,67.044668,13684.07785520085,False
Karachi,KDA Scheme 1,45,24.879857,67.090538,17610.727448834547,False
Karachi,P And T Colony,43,24.826386,67.045677,4132.231404958678,False
Karachi,Rashid Minhas Road,43,24.895994,67.119191,5921.927999850077,False
Karachi,Landhi,37,24.83866,67.17456,6121.824303642486,False
Karachi,Aisha Manzil,35,24.927498,67.064165,7095.750897403789,False
Karachi,Manzoor Colony,33,24.850265,67.085216,9182.736455463728,False
Karachi,Northern Bypass,30,25.07576,67.105412,3073.712329910677,False
Karachi,Tariq Road,30,24.871155,67.059571,7820.462365916911,False
Karachi,Hill Park,29,24.868021,67.071147,10017.530678687703,False
Karachi,Naya Nazimabad,29,24.969255,67.039855,7040.097949188858,False
Karachi,Saadi Road,29,24.946106,67.162806,6504.438322620141,False
Karachi,Airport,28,24.902397,67.159803,5113.814599980607,False
Karachi,Malir Link To Super Highway,26,24.949734,67.182861,6288.591241569298,False
Karachi,Dastgir Colony,25,24.925717,67.077208,6536.863239482654,False
Karachi,Golimar,21,24.891029,67.006901,6237.330422579136,False
Karachi,M A Jinnah Road,20,24.855992,67.009472,5835.503417708447,False
Karachi,Scheme 45,18,25.043148,67.103105,3443.526170798898,True
Karachi,Super Highway,18,24.991426,67.169123,3716.8218986400807,True
Karachi,Amir Khusro,17,24.880714,67.080477,14226.774790155072,True
Karachi,Baldia Town,17,24.924738,66.969265,4878.328741965105,True
Karachi,Baloch Colony,17,24.867372,67.082591,8608.815426997246,True
Karachi,Kamran Chowrangi,17,24.923841,67.137812,6516.780710329097,True
Karachi,Sindh Industrial Trading Estate Site,17,24.916643,67.013426,7272.727272727273,True
Karachi,Anda Mor Road,16,24.964946,67.056945,5394.85766758494,True
Karachi,Korangi Road,16,24.844366,67.146878,5287.989614008423,True
Karachi,Muslimabad Society,15,24.879255,67.049402,18037.51803751804,True
Karachi,Punjab Colony,15,24.830948,67.047329,3784.400478615355,True
Karachi,Etawa Society,14,25.003901,67.122671,7767.064585246404,True
Karachi,Azam Town,13,24.845027,67.06986,5787.906614352895,True
Karachi,Falaknaz Presidency,13,24.927051,67.173994,6642.83062735674,True
Karachi,Karachi Motorway,13,24.991279,67.174987,4797.511291017784,True
Karachi,Naval Colony,13,24.941297,66.938693,9182.736455463728,True
Karachi,Naval Housing Scheme,13,24.838338,67.055746,26236.38987275351,True
Karachi,Saima Luxury Homes,13,24.859036,67.144243,5739.2102846648295,True
Karachi,Shadman 2,13,24.960194,67.061964,6543.907979314678,True
Karachi,Suparco Road,13,24.95212,67.127083,4841.806494699056,True
Karachi,Zamzama,13,24.823782,67.039905,40666.404302767936,True
Karachi,Abid Town,12,24.924261,67.082495,6729.69559013093,True
Karachi,DHA City Karachi,12,25.017951,67.4296511849365,6138.596425022328,True
Karachi,Kemari Town,12,24.841814,66.982607199357,3540.1865545406217,True
Karachi,Lyari Town,12,24.871486,66.987584,3558.3103764921943,True
Karachi,Cosmopolitan Society,11,24.878194,67.040152,12082.547967715433,True
Karachi,Falcon Complex Faisal,11,24.865828,67.088388,22038.567493112947,True
Karachi,Lyari Expressway,11,24.894222,67.045655,3213.9577594123048,True
Karachi,Rabia City,11,24.907814,67.132983,3088.738625928708,True
Karachi,Bagh E Korangi,10,24.858398,67.151549,7747.93388429752,True
Karachi,Diamond City,10,24.874796,67.017519,6810.529537802266,True
Karachi,Tipu Sultan Road,10,24.87612,67.08533,12473.837416018523,True
Karachi,Al Hilal Society,9,24.894248,67.066502,9182.736455463728,True
Karachi,Asf Tower,9,24.952136,67.158726,3601.0731197896976,True
Karachi,Gizri Road,8,24.822217,67.046129,5624.426078971534,True
Karachi,Gulshan E Usman Housing Society,8,24.979744,67.185033,7591.86763971453,True
Karachi,Kashmir Road,8,24.8801565,67.0439751,12820.054142368192,True
Karachi,Pakistan Chowk,8,24.854217,67.012351,5801.408622725237,True
Karachi,Abdullah Haroon Road,7,24.848067,67.031176,5509.641873278237,True
Karachi,Dalmia Cement Factory Road,7,24.903908,67.102623,6628.140599432465,True
Karachi,Gulshan E Millat,7,24.861197,67.154875,5681.818181818181,True
Karachi,Kashmir Colony,7,24.837672,67.076549,4132.231404958678,True
Karachi,Khuda Ki Basti,7,25.03256,67.094818,2869.6051423324147,True
Karachi,Lalukhet,7,24.900299,67.032157,3060.912151821243,True
Karachi,Manghopir Road,7,24.942065,67.019994,4878.328741965105,True
Karachi,Numaish Chowrangi,7,24.873347,67.036376,9182.736455463728,True
Karachi,Punjab Chowrangi,7,24.834479,67.039121,4591.368227731864,True
Karachi,Rufi Lake Drive Apartments,7,24.907374,67.121106,5277.434744519384,True
Karachi,Shahra E Qaideen,7,24.872849,67.038424,12243.648607284971,True
Karachi,Shahrah E Pakistan,7,24.934436,67.072266,6371.694683382994,True
Karachi,Britto Road,6,24.878799,67.034094,6547.728786972451,True
Karachi,Cotton Export Cooperative Housing Society,6,24.999456,67.128635,4339.648478404459,True
Karachi,Guru Mandir Chorangi,6,24.880755,67.039694,8492.686969057704,True
Karachi,Hassan Goth,6,25.028795,67.092118,2066.115702479339,True
Karachi,Khudadad Colony,6,24.873652,67.044956,7413.709285367039,True
Karachi,Maskan Chowrangi,6,24.934847,67.105248,6167.7379859198045,True
Karachi,National Highway,6,24.862219,67.284222,4093.970003060912,True
Karachi,Ptv Society,6,25.008386,67.118107,7307.927762473217,True
Karachi,Qayyumabad,6,24.8243075,67.08204,11707.988980716253,True
Karachi,Sakhi Hassan Chowrangi,6,24.954203,67.057675,4074.1587633430972,True
Karachi,Bmchs,5,24.883046,67.064663,9045.680687471731,True
Karachi,Chapal Uptown,5,25.045518,67.13858,6504.438322620141,True
Karachi,Khaliq Uz Zaman Road,5,24.832529516558,67.037662,11349.449551696742,True
Karachi,Khayaban E Ittehad Road,5,24.813129,67.076319,18365.472910927456,True
Karachi,Nishtar Road Lawrence Road,5,24.885121,67.030018,3837.561503775886,True
Karachi,Paf Housing Scheme,5,24.953678,67.18116,12672.176308539945,True
Karachi,Stadium Road,5,24.86613,67.336715,12243.648607284971,True
Karachi,Al Jadeed Residency,4,24.931248,67.25654,5484.13427201306,True
Karachi,Al Manzar Society,4,25.009434,67.128953,5050.50505050505,True
Karachi,Amil Colony,4,24.884539,67.026494,10963.06291111486,True
Karachi,Chapal Courtyard,4,24.953426,67.144389,8765.339343851741,True
Karachi,Gulshan E Areesha,4,24.940345,67.146684,11095.806550352005,True
Karachi,Mt Khan Road,4,24.845752,67.022147,7435.905555027813,True
Karachi,Shaheed E Millat Expressway,4,24.848562,67.08275900000001,7206.704559984191,True
Karachi,Shahra E Usman,4,25.014626,67.063959,3722.8611608776896,True
Karachi,Teachers Society,4,24.978356,67.129812,5365.836755202106,True
Karachi,Asf Housing Scheme,3,24.937917,67.153713,2953.941327147069,True
Karachi,Circular Road,3,25.080332,67.146873,6887.052341597796,True
Karachi,Cutchi Memon Cooperative Housing Society,3,24.885829,67.072549,10443.112047390123,True
Karachi,Defence Garden,3,24.845576,67.054217,9947.96449341904,True
Karachi,Gulshan E Umair,3,24.939904,67.166902,5949.378548610303,True
Karachi,Laraib Garden,3,24.922239,67.081284,5917.763493521069,True
Karachi,Lines Area,3,24.866179,67.03944,4591.368227731864,True
Karachi,Old Ravians Co Operative Housing Society,3,24.93886,67.145283,9182.736455463728,True
Karachi,Shah Town,3,24.852831,67.333047,6140.9550045913675,True
Karachi,Siraj Ud Daula Road,3,24.879682,67.068985,13085.399449035813,True
Karachi,Teacher Society,3,24.986019,67.135864,11478.42056932966,True
Karachi,Al Safaa Garden,2,25.070455,67.013906,5214.967149584256,True
Karachi,Allama Iqbal Town,2,24.926879,67.026472,12368.583797155225,True
Karachi,Bilal Town,2,24.876259,67.171167,9852.310988674624,True
Karachi,Blue Bell Residency,2,24.837117,67.035573,15130.645295934552,True
Karachi,Catholic Colony,2,24.835906,67.114074,8688.3139219666,True
Karachi,Chapal Skymark,2,24.844343,67.027389,14423.514423514423,True
Karachi,Falaknaz Dynasty,2,24.927032,67.173136,3635.6140252244145,True
Karachi,Gulshan E Amin,2,24.9419983438315,67.085550789776,5090.229161932107,True
Karachi,Gulshan E Malir,2,24.880438,67.179402,6600.091827364555,True
Karachi,Hub River Road,2,24.92909,66.942561,5643.556779920416,True
Karachi,I I Chundrigar Road,2,24.849871,67.008233,7142.128354249566,True
Karachi,Intelligence Colony,2,24.841912,67.012696,6817.4861563291315,True
Karachi,Javed Bahria Coopretive Housing Society,2,24.873725,66.912678,8436.6391184573,True
Karachi,Liaquat Avenue,2,24.903322,67.185742,4995.425449970905,True
Karachi,Malir Housing Scheme 1,2,24.887538,67.427639,13168.87887135821,True
Karachi,Mangopir,2,24.98174,67.035906,4017.447199265381,True
Karachi,Maqboolabad Society,2,24.88555,67.063068,9750.208933048565,True
Karachi,Others,2,24.864964875079,67.02905812185949,12208.865514650639,True
Karachi,Police Society,2,24.963835,67.179291,8393.863730942383,True
Karachi,Ranchore Line Bazar,2,24.870994,67.0148695,1772.5643532095146,True
Karachi,Sher Shah Suri Road,2,24.949571,67.05233150000001,4069.621838216879,True
Karachi,Surti Muslim Co Operative Housing Society,2,24.910215188904,67.19853155224601,5922.865013774104,True
Karachi,Abdullah Ahmed Road,1,24.891224,66.988458,23875.114784205693,True
Karachi,Altaf Hussain Road,1,24.919284,66.961912,8034.8943985307615,True
Karachi,App Employees Co Operative Housing Society,1,24.928572,67.157725,8953.168044077134,True
Karachi,Darul Aman Society,1,24.875199,67.068398,32522.191613100706,True
Karachi,Dr Daud Pota Road,1,24.845631806683,67.037374305649,13662.120092275303,True
Karachi,Erum Villas,1,24.896713,67.076658,3465.18356809952,True
Karachi,Gobal Town,1,24.966257,67.088202,3315.988164473013,True
Karachi,Goth Ibrahim Haidri,1,24.792572,67.144605,7732.8306993378765,True
Karachi,Gujjar Chowk,1,24.854426,67.08511,8417.508417508418,True
Karachi,Gulistan E Malir,1,24.870283,67.178589,6887.052341597796,True
Karachi,Hawks Bay Scheme 42,1,24.897606,66.842041,3213.9577594123048,True
Karachi,Hoshang Road,1,24.843565,67.031274,16432.26523609299,True
Karachi,Humaira Town,1,24.910078,67.200003,6583.848779389088,True
Karachi,Jamaluddin Afghani Road,1,24.884039,67.064471,8223.346079519757,True
Karachi,Mauripur Road,1,24.863855,66.986321,2008.7235996326904,True
Karachi,Old Clifton,1,24.817883,67.032915,20202.0202020202,True
Karachi,Old Queens Road,1,24.845359,67.002655,9499.382540134891,True
Karachi,Peoples Colony,1,24.945035,67.065446,6274.869911233548,True
Karachi,Royal Defence Tower,1,24.831493,67.079122,7632.404326619202,True
Karachi,Rufi Rose Petals,1,24.954501477198,67.111160494387,11019.283746556473,True
Karachi,Shah Rasool Colony,1,24.810966,67.034833,17398.86907351022,True
Karachi,Shahra E Liaquat,1,24.856768,67.016451,6559.097468188377,True
Karachi,State Bank Of Pakistan Staff Co Operative Housing Society,1,25.107539,67.152488,4674.847650054261,True
Karachi,Times Residency,1,25.009621,67.053067,3923.5328491526834,True
Lahore,DHA Defence,2722,31.469521,74.409342,9550.045913682277,False
Lahore,Bahria Town,1285,31.375843,74.188514,7346.189164370982,False
Lahore,Johar Town,1001,31.466154,74.283028,8570.55402509948,False
Lahore,Allama Iqbal Town,547,31.517283,74.283357,8325.68105295378,False
Lahore,WAPDA Town,404,31.432764,74.266148,7805.325987144169,False
Lahore,Model Town,349,31.478891,74.326665,9182.736455463728,False
Lahore,Askari,340,31.53327,74.416037,7621.671258034894,False
Lahore,State Life Housing Society,338,31.446824,74.402375,7346.189164370982,False
Lahore,Cantt,335,31.50341,74.393917,8080.80808080808,False
Lahore,Gulberg,313,31.514342,74.347176,10789.71533516988,False
Lahore,Al Rehman Garden,280,31.59802,74.228218,6391.184573002754,False
Lahore,Samanabad,264,31.539206,74.305515,8570.55402509948,False
Lahore,Paragon City,262,31.530739,74.453995,7499.234771962045,False
Lahore,Sabzazar Scheme,257,31.523532,74.263744,8347.942232239753,False
Lahore,Eden,245,31.458942,74.253992,6198.347107438017,False
Lahore,Township,229,31.453414,74.310436,6611.570247933884,False
Lahore,Valencia Housing Society,183,31.40537,74.257078,7070.707070707071,False
Lahore,Gulshan E Ravi,173,31.551184,74.284058,9917.355371900827,False
Lahore,Harbanspura,157,31.575684,74.422658085823,6631.976328946026,False
Lahore,Pak Arab Housing Society,149,31.432105,74.349117,8999.081726354454,False
Lahore,Garden Town,122,31.503922,74.323139,8539.944903581269,False
Lahore,Lake City,119,31.356129,74.253073,6734.006734006734,False
Lahore,Military Accounts Housing Society,119,31.421266,74.283972,7162.534435261708,False
Lahore,DHA 11 Rahbar,115,31.386981,74.268344,8521.57943067034,False
Lahore,Ferozepur Road,115,31.502166,74.333439,5142.332415059688,False
Lahore,Faisal Town,114,31.478013,74.304285,8421.881149153876,False
Lahore,Jubilee Town,114,31.409436,74.187155,7847.304210940574,False
Lahore,Marghzar Officers Colony,114,31.503776,74.247222,5693.2966023875115,False
Lahore,Canal Garden,111,31.393133,74.175897,7052.341597796143,False
Lahore,PIA Housing Scheme,110,31.44785,74.278207,6978.879706152434,False
Lahore,Bahria Orchard,106,31.317861,74.21814,4205.693296602388,False
Lahore,Multan Road,104,31.431593,74.179974,6795.224977043159,False
Lahore,EME Society,102,31.438916,74.211559,9550.045913682277,False
Lahore,Punjab Coop Housing Society,100,31.458979,74.373565,6978.879706152434,False
Lahore,Tajpura,100,31.557474,74.401431,6183.04254667891,False
Lahore,GT Road,98,31.597241138821,74.41412,5546.372819100092,False
Lahore,Canal Bank Housing Scheme,96,31.572434,74.413002,7958.371594735231,False
Lahore,Lahore Medical Housing Society,95,31.581899,74.463515,7346.189164370982,False
Lahore,Punjab Govt Employees Society,91,31.443383,74.286324,7162.534435261708,False
Lahore,Raiwind Road,89,31.429249,74.230785,4591.368227731864,False
Lahore,Cavalry Ground,86,31.500556,74.367728,8692.99051117233,False
Lahore,Divine Gardens,86,31.502385,74.414506,7188.770825134461,False
Lahore,Shahdara,83,31.626564,74.281826,4285.27701254974,False
Lahore,Bedian Road,82,31.473474,74.429569,4801.259346713892,False
Lahore,Central Park Housing Scheme,80,31.321674,74.38086,5179.063360881542,False
Lahore,Tariq Gardens,78,31.420094,74.254174,9384.75665748393,False
Lahore,Architects Engineers Housing Society,76,31.443749,74.259152,6795.224977043159,False
Lahore,Izmir Town,76,31.417237,74.189987,7603.305785123966,False
Lahore,Khayaban E Amin,76,31.376356,74.263701,4077.134986225895,False
Lahore,Defence Road,74,31.395119,74.210501,8225.108225108224,False
Lahore,Mughalpura,72,31.571516,74.383006,6954.572462593853,False
Lahore,Nishtar Colony,71,31.422218,74.364395,6317.722681359045,False
Lahore,Walton Road,71,31.477098,74.357271,7346.189164370982,False
Lahore,Main Canal Bank Road,70,31.499931500000002,74.32405349999999,5917.76349352107,False
Lahore,Taj Bagh Scheme,68,31.563252,74.413877,7199.265381083563,False
Lahore,Ichhra,67,31.533262,74.316587,8185.7536402990945,False
Lahore,Pcsir Housing Scheme,64,31.452023,74.26255,9136.82277318641,False
Lahore,Nasheman E Iqbal,63,31.432398,74.24928,5509.641873278237,False
Lahore,Revenue Society,63,31.448966,74.291825,7063.643427279791,False
Lahore,Bismillah Housing Scheme,61,31.598386,74.480821,6758.494031221304,False
Lahore,Bor Board Of Revenue Housing Society,61,31.478452,74.296846,8668.50321395776,False
Lahore,Harbanspura Road,61,31.560697,74.421326,6010.518407212622,False
Lahore,Lalazaar Garden,61,31.509067,74.246771,8264.462809917355,False
Lahore,College Road,60,31.422982,74.281932,6978.879706152434,False
Lahore,Shershah Colony Raiwind Road,60,31.410095,74.222553,7162.5344352617085,False
Lahore,Baghbanpura,56,31.584531,74.372978,6427.9155188246095,False
Lahore,Daroghewala,54,31.588479,74.400444,5289.256198347108,False
Lahore,Shadbagh,54,31.602644,74.340019,8895.56724267468,False
Lahore,Al Kabir Town,53,31.329958,74.215204,7101.316192225283,False
Lahore,Islampura,53,31.566287,74.298735,11019.283746556473,False
Lahore,Lalazar,53,31.466167,74.244961,8080.80808080808,False
Lahore,Canal View,51,31.478159,74.254017,6372.819100091828,False
Lahore,Green Town,49,31.434742,74.304729,5713.702683399653,False
Lahore,Aashiana Road,48,31.428051,74.379676,5483.405483405483,False
Lahore,Shadab Garden,47,31.422804,74.355125,6427.9155188246095,False
Lahore,Shah Jamal,47,31.528032,74.330063,9349.695300108524,False
Lahore,Chungi Amar Sadhu,46,31.450925,74.354287,4888.71397962307,False
Lahore,Fateh Garh,44,31.572905,74.404206,7346.189164370982,False
Lahore,Ghous Garden,44,31.586813,74.481766,5483.405483405483,False
Lahore,Green Cap Housing Society,43,31.398679377595,74.354968070766,5509.641873278237,False
Lahore,Park View Villas,42,31.453341,74.202003,7309.458218549127,False
Lahore,NFC 1,41,31.418263,74.268087,7162.534435261708,False
Lahore,Nishat Colony,41,31.496091,74.393234,5142.332415059688,False
Lahore,Bankers Co Operative Housing Society,40,31.450522,74.394553,8195.082134476073,False
Lahore,Abdalians Cooperative Housing Society,39,31.456124,74.268823,8999.081726354454,False
Lahore,Bahria Nasheman,39,31.320354,74.403441,6317.722681359045,False
Lahore,Labor Colony,39,31.40396,74.214497,2265.0749923477197,False
Lahore,Manawan,37,31.590709,74.47855,4932.44129607766,False
Lahore,Sui Gas Housing Society,37,31.453561,74.398513,7529.843893480257,False
Lahore,OPF Housing Scheme,36,31.422877,74.237022,6644.962016862843,False
Lahore,Iqbal Avenue,35,31.445067,74.270668,7621.671258034894,False
Lahore,Kahna,35,31.373864,74.362316,3893.4802571166206,False
Lahore,Audit And Accounts Housing Society,34,31.398374,74.270325,5452.249770431588,False
Lahore,Gulshan E Lahore,34,31.424488,74.252458,8047.416311879122,False
Lahore,Punjab Small Industries Colony,34,31.476512,74.418805,6559.097468188377,False
Lahore,Punjab University Employees Society,34,31.429599,74.239902,8019.589837771656,False
Lahore,Alfalah Town,31,31.482881,74.418933,6821.461366915913,False
Lahore,New Muslim Town,31,31.511679,74.312525,7805.325987144169,False
Lahore,Hassan Town,30,31.505514,74.265089,7346.189164370982,False
Lahore,Nawab Town,30,31.452609,74.249039,7193.14355677992,False
Lahore,Sanda,30,31.565454,74.283714,7621.671258034894,False
Lahore,Uet Housing Society,30,31.408374,74.271255,5739.21028466483,False
Lahore,Awan Town,29,31.503922,74.260068,6856.443220079584,False
Lahore,Sukh Chayn Gardens,29,31.391744,74.159746,7346.189164370982,False
Lahore,Al Hafeez Gardens,28,31.590394,74.467811,6427.9155188246095,False
Lahore,Band Road,27,31.537286,74.273314,6734.0067340067335,False
Lahore,Formanites Housing Scheme,27,31.447703,74.409313,6978.879706152434,False
Lahore,Al Faisal Town,26,31.550672,74.403963,6932.966023875115,False
Lahore,Hamza Town,26,31.412439,74.355361,4086.3177226813586,False
Lahore,Iqbal Park,26,31.593305,74.309363,8060.4019997959385,False
Lahore,Mustafa Town,26,31.495579,74.273386,8631.772268135905,False
Lahore,Clifton Colony,25,31.520825,74.302425,8264.462809917355,False
Lahore,Green City,25,31.519727,74.45996,8347.942232239753,False
Lahore,Mansoorah,25,31.492615,74.265647,6887.052341597796,False
Lahore,Upper Mall,25,31.542114,74.355898,9182.736455463728,False
Lahore,Dream Avenue Lahore,24,31.402868,74.236129,7319.18111597256,False
Lahore,Garhi Shahu,24,31.56625,74.344125,8138.200183654729,False
Lahore,Iep Engineers Town,24,31.402513,74.292798,4830.1193755739205,False
Lahore,Muslim Town,24,31.519709,74.32281,8369.40836940837,False
Lahore,Thokar Niaz Baig,24,31.470693,74.241357,6014.692378328742,False
Lahore,Airport Road,23,31.491261,74.415629,6887.052341597796,False
Lahore,Canal Fort II,23,31.585176,74.499197,5509.641873278237,False
Lahore,Hajvery Housing Scheme,23,31.573161,74.448981,5342.683028633442,False
Lahore,Judicial Colony,23,31.467545,74.247236,6887.052341597796,False
Lahore,Salamatpura,23,31.582849,74.417009,5482.230719679837,False
Lahore,Shalimar Link Road,23,31.572526,74.381002,6978.879706152434,False
Lahore,Rasool Park,22,31.540874,74.310588,9104.027285845466,False
Lahore,Gosha E Ahbab,21,31.484161,74.277577,7162.534435261708,False
Lahore,Punjab Govt Servant Society,21,31.405462,74.162757,4958.677685950413,False
Lahore,Wahdat Road,21,31.506008,74.293156,9182.736455463728,False
Lahore,Kamahan Road,20,31.454618,74.368249,4591.368227731864,False
Lahore,Lahore Garden Housing Scheme,20,31.590554,74.208219,5142.332415059688,False
Lahore,New Chauburji Park,20,31.549794,74.295545,9413.635698220678,False
Lahore,Shalimar Town,20,31.594824,74.386277,5509.641873278237,False
Lahore,China Scheme,19,31.598642,74.363666,4958.677685950413,True
Lahore,Lahore Motorway City,19,31.643481,74.209875,3428.221610039792,True
Lahore,Mateen Avenue,19,31.441992,74.291389,6734.006734006734,True
Lahore,Mozang,19,31.555298284912,74.315557479858,9641.873278236915,True
Lahore,Pcsir Staff Colony,19,31.431007,74.285574,5968.778696051423,True
Lahore,Al Hamad Colony,18,31.570214,74.281473,7346.189164370982,True
Lahore,Al Hamad Colony AIT,18,31.522627,74.30465,7261.425443243625,True
Lahore,New Super Town,18,31.495945,74.377184,8800.122436486072,True
Lahore,Peco Road,18,31.465641,74.341121,6274.869911233547,True
Lahore,Rehmanpura Ferozpur Road,18,31.521776,74.319835,10407.101316192226,True
Lahore,Shadman 1,18,31.537359,74.330707,11478.42056932966,True
Lahore,Sham Nagar,18,31.556625,74.294381,9300.463845918392,True
Lahore,T And T Aabpara Housing Society,18,31.413355,74.239926,5509.641873278237,True
Lahore,Zaitoon New Lahore City,18,31.350233,74.136994,6244.260789715335,True
Lahore,Azam Gardens,17,31.487419,74.265132,7713.498622589532,True
Lahore,Elite Town,17,31.342495,74.372878,3379.247015610652,True
Lahore,Garrison Homes,17,31.556322,74.41925,5772.005772005772,True
Lahore,Ittifaq Town,17,31.492213,74.251013,6464.646464646465,True
Lahore,Madina Colony,17,31.491334,74.361305,6317.722681359045,True
Lahore,Airline Housing Society,16,31.443218,74.266394,7529.843893480257,True
Lahore,Ashiana E Quaid Housing Scheme,16,31.425257,74.383922,4591.368227731864,True
Lahore,Chinar Bagh,16,31.324753,74.24386,2525.2525252525256,True
Lahore,Hbfc Housing Society,16,31.455684,74.406953,6423.324150596878,True
Lahore,Kot Lakhpat,16,31.448875,74.332094,6037.649219467401,True
Lahore,Sant Nagar,16,31.569505,74.295473,10101.010101010103,True
Lahore,Bagarian,15,31.425944,74.295998,4591.368227731864,True
Lahore,Gajju Matah,15,31.386326,74.365672,5876.951331496786,True
Lahore,Habibullah Road,15,31.558617,74.343785,11478.42056932966,True
Lahore,Islamia Park,15,31.548701,74.303386,8476.37211273575,True
Lahore,Rana Town,15,31.685596,74.271698,3673.094582185491,True
Lahore,Rehan Garden,15,31.346272,74.3782,5497.398224670952,True
Lahore,Super Town,15,31.492578,74.373529,8264.462809917355,True
Lahore,Walled City,15,31.584129,74.315286,9794.918885827976,True
Lahore,Ali View Park,14,31.494262,74.400187,8111.417202326293,True
Lahore,Dharampura,14,31.554037,74.366612,8999.081726354452,True
Lahore,Omega Homes,14,31.617847,74.217387,4089.37863483318,True
Lahore,Rail Town Canal City,14,31.442431,74.205608,7446.821892650038,True
Lahore,Riwaz Garden,14,31.559961,74.303176,9213.345576981941,True
Lahore,Rizwan Garden Scheme,14,31.584568,74.473779,6917.661463116008,True
Lahore,Sami Town,14,31.56712,74.413107,7346.189164370982,True
Lahore,Shama Road,14,31.540855,74.314871,8876.645240281603,True
Lahore,Sharaqpur Road,14,31.485627,74.121572,3855.2188552188554,True
Lahore,Sunfort Gardens,14,31.446239,74.252808,8915.602304032056,True
Lahore,Wahdat Colony,14,31.515703,74.307303,7346.189164370982,True
Lahore,Al Hafiz Town,13,31.508595,74.249121,7346.189164370982,True
Lahore,Allama Iqbal Road,13,31.559198,74.351165,7513.1480090157775,True
Lahore,Ghaziabad,13,31.557474,74.395108,4701.561065197428,True
Lahore,Highcourt Society,13,31.414445,74.29147,6887.052341597796,True
Lahore,Ittehad Colony,13,31.527593,74.287705,8570.55402509948,True
Lahore,Jail Road,13,31.539334,74.335799,10852.32490191168,True
Lahore,LDA Avenue,13,31.416285,74.211788,6427.9155188246095,True
Lahore,Naz Town,13,31.401387,74.265676,4554.637281910009,True
Lahore,Sajid Garden,13,31.58398,74.461377,7713.498622589532,True
Lahore,Wassanpura,13,31.589795,74.3365,9969.828151646334,True
Lahore,Zaheer Villas,13,31.416929,74.287383,7346.189164370982,True
Lahore,AWT Army Welfare Trust,12,31.354743,74.212191,3948.576675849403,True
Lahore,Al Hamd Park,12,31.501252,74.257575,8692.99051117233,True
Lahore,Badami Bagh,12,31.603832,74.322481,6891.425073243256,True
Lahore,Bhatta Chowk,12,31.487441,74.41206,6023.875114784206,True
Lahore,Chah Miran,12,31.590088,74.345241,8815.426997245178,True
Lahore,Fazaia Housing Scheme,12,31.369661,74.2418785,5234.159779614325,True
Lahore,Government Employees Cooperative Housing Society Gechs,12,31.466226924167,74.319205284119,7116.620752984389,True
Lahore,Grand Avenues Housing Scheme,12,31.33795,74.381324,3856.749311294766,True
Lahore,Islam Nagar,12,31.493155,74.370301,9733.700642791551,True
Lahore,Khayaban E Quaid,12,31.493297,74.247151,5081.114172023263,True
Lahore,Lawrence Road,12,31.554713,74.325394,10883.629685282576,True
Lahore,Mehar Fayaz Colony,12,31.576632,74.405162,6917.661463116008,True
Lahore,Sheraz Town,12,31.426301,74.28958,6734.006734006734,True
Lahore,Tech Society,12,31.485113,74.281898,11908.861340679523,True
Lahore,Aitchison Society,11,31.457807,74.253159,7346.189164370982,True
Lahore,Bilal Gunj,11,31.580583,74.301438,9445.100354191263,True
Lahore,Eden Avenue Extension,11,31.499481,74.418277,7346.189164370982,True
Lahore,Rehman Gardens,11,31.486851,74.408146,3935.4584809130265,True
Lahore,Saiden Shah Colony,11,31.541227,74.359417,10284.664830119376,True
Lahore,Shadman 2,11,31.535451,74.337407,11019.283746556473,True
Lahore,Shah Kamal Road,11,31.52607,74.307452,8162.432404856647,True
Lahore,Shalimar Housing Scheme,11,31.582612,74.416838,7346.189164370982,True
Lahore,Acro Green Bankers Avenue,10,31.437103,74.482945,6274.869911233547,True
Lahore,Al Jalil Garden,10,31.592658,74.215065,5509.641873278237,True
Lahore,Ali Alam Garden,10,31.586244,74.461219,7101.316192225283,True
Lahore,Kacha Jail Road,10,31.451424,74.34446,6427.9155188246095,True
Lahore,Lahore Islamabad Motorway,10,31.6135443,74.2114715,2926.232017141108,True
Lahore,Mohafiz Town,10,31.451584,74.223247,6565.656565656565,True
Lahore,Palm Villas,10,31.587028,74.495264,6391.184573002754,True
Lahore,Prime Homes 1,10,31.427708,74.246722,5769.819406183042,True
Lahore,Ring Road,10,31.520898,74.42379,5600.898881531293,True
Lahore,Shoukat Town,10,31.458686,74.359331,8218.549127640037,True
Lahore,Wafaqi Colony,10,31.476585,74.274352,6978.879706152434,True
Lahore,Dubban Pura,9,31.518538,74.274252,7835.935108662381,True
Lahore,Eden Villas,9,31.470028,74.321749,2571.166207529844,True
Lahore,Hanif Park Harbanspura,9,31.571397,74.430341,6703.397612488521,True
Lahore,Jinnah Colony,9,31.42489,74.363461,7713.498622589532,True
Lahore,Mian Amiruddin Park,9,31.553758,74.405465,7223.752678298133,True
Lahore,P And D Housing Society,9,31.423683,74.190931,5632.078359351087,True
Lahore,Rustam Park,9,31.544218,74.292494,9182.736455463728,True
Lahore,Sahafi Colony,9,31.577371,74.446327,7346.189164370982,True
Lahore,Sanda Road,9,31.56211,74.303699,8526.82670864489,True
Lahore,Sodiwal,9,31.534753,74.285189,8907.254361799816,True
Lahore,West Wood Housing Society,9,31.465788,74.237881,5050.50505050505,True
Lahore,Zubaida Park,9,31.532236,74.290826,8162.432404856647,True
Lahore,Al Jannat Housing Society Kahna,8,31.360227,74.384958,4162.84052647689,True
Lahore,Al Raheem Garden,8,31.596604,74.473726,7346.189164370982,True
Lahore,Ali Town,8,31.463563,74.245571,6709.999579874802,True
Lahore,Beacon House Society,8,31.361846,74.22123,4706.152433425161,True
Lahore,Canal Burg,8,31.475302,74.244671,8111.417202326293,True
Lahore,Ghausia Colony,8,31.477812,74.357766,8815.426997245178,True
Lahore,Habib Homes,8,31.463074,74.321506,6152.433425160698,True
Lahore,Lahore Press Club Housing Scheme,8,31.580144,74.450476,7116.620752984389,True
Lahore,Outfall Road,8,31.5742,74.294958,8692.99051117233,True
Lahore,Raj Garh,8,31.55901,74.298306,7468.6256504438325,True
Lahore,Ravi Road,8,31.594077,74.302698,11202.93847566575,True
Lahore,Salli Town,8,31.555499,74.41246,6912.559942862973,True
Lahore,Tricon Village,8,31.409619,74.166126,5417.814508723599,True
Lahore,Abdali Road,7,31.568747,74.292991,9095.281822554549,True
Lahore,Bankers Town,7,31.448371,74.391315,8162.432404856647,True
Lahore,Bhatti Colony,7,31.468716,74.319849,7052.341597796143,True
Lahore,Bhogiwal Road,7,31.58606,74.368887,6887.052341597796,True
Lahore,Chaman Park,7,31.567912,74.399192,7529.843893480257,True
Lahore,Chohan Road,7,31.565908,74.288958,7346.189164370982,True
Lahore,Davis Road,7,31.55667,74.339926,8815.426997245178,True
Lahore,Fort Villas,7,31.486064,74.378071,8448.11753902663,True
Lahore,Immad Garden Housing Scheme,7,31.358657,74.3778,3673.094582185491,True
Lahore,Jamil Town,7,31.519398,74.270024,8570.55402509948,True
Lahore,Jora Pull,7,31.548287,74.407187,7136.298045388954,True
Lahore,Madina Town,7,31.56982,74.425133,5509.641873278237,True
Lahore,Mohlanwal Road,7,31.422634,74.172873,4132.231404958678,True
Lahore,National Town,7,31.561497,74.291997,6812.9980153440565,True
Lahore,New Canal Park,7,31.567377,74.415584,8448.11753902663,True
Lahore,Rehman City Phase 4,7,31.579365,74.25831,4407.713498622589,True
Lahore,Sunny Park,7,31.452755,74.258437,6538.108356290175,True
Lahore,Zaman Colony,7,31.495177,74.37139,9707.464252918799,True
Lahore,Al Hamd Garden,6,31.613373,74.24849,4743.539288993835,True
Lahore,Al Haram Garden,6,31.321891,74.365519,3856.749311294766,True
Lahore,Ali View Garden,6,31.489322,74.406844,7346.189164370982,True
Lahore,Altaf Colony,6,31.55346,74.42452,4208.754208754209,True
Lahore,Babu Sabu,6,31.541236,74.269202,4407.713498622589,True
Lahore,Bahadurabad,6,31.45156,74.377321,4912.7640036730945,True
Lahore,Begampura,6,31.580729,74.36182,8381.33400116871,True
Lahore,Bhagatpura,6,31.604855,74.351177,7805.325987144169,True
Lahore,Chauburji Park Road,6,31.552428,74.299507,7523.582936806077,True
Lahore,Dholanwal,6,31.530463,74.282451,5363.25042253896,True
Lahore,Dogech,6,31.548478,74.422059,5234.159779614325,True
Lahore,Green Acres Housing Society,6,31.410498,74.237695,2486.9911233547596,True
Lahore,Gul E Damin,6,31.426686,74.284644,6356.937845738899,True
Lahore,Gulshan Colony,6,31.471644,74.351084,7897.153351698807,True
Lahore,Infantry Road,6,31.530253,74.368722,10009.182736455463,True
Lahore,Jallo,6,31.576854,74.494257,2436.4860728497088,True
Lahore,Jallo Park Road,6,31.579015,74.48308,3541.9126328217235,True
Lahore,Kahna Kacha,6,31.400894,74.3039235,4713.804713804713,True
Lahore,Krishan Nagar,6,31.56742,74.291897,9527.089072543618,True
Lahore,Lahore Canal Bank Cooperative Housing Society,6,31.455431,74.227133,7179.230319726187,True
Lahore,Makkah Colony,6,31.499751,74.355125,8631.772268135905,True
Lahore,Misri Shah,6,31.5838,74.339662,8264.462809917355,True
Lahore,Muslim Nagar Housing Scheme,6,31.351625,74.229898,5693.2966023875115,True
Lahore,Nadeem Shaheed Road,6,31.52299,74.298093,8379.247015610652,True
Lahore,Nadeem Town,6,31.499874,74.26253,7860.4224058769505,True
Lahore,New Shah Kamal Colony,6,31.525649,74.311983,8034.8943985307615,True
Lahore,Saggian Wala Bypass Road,6,31.598821,74.253584,3856.749311294766,True
Lahore,Saidpur,6,31.518877,74.275795,5821.8549127640035,True
Lahore,Shadipura,6,31.599153,74.403949,4132.231404958678,True
Lahore,Sheikhupura Road,6,31.471826,74.102574,4285.27701254974,True
Lahore,Sue E Asal,6,31.308768,74.395373,3122.130394857668,True
Lahore,Aabpara Coop Housing Society,5,31.443685,74.205662,6244.260789715335,True
Lahore,Abdul Sattar Edhi Road,5,31.45646,74.236846,6016.2756087520975,True
Lahore,Afzal Park,5,31.573847,74.427051,5730.027548209367,True
Lahore,Ahmad Avenue,5,31.44525,74.292762,6978.879706152434,True
Lahore,Al Amin Housing Society,5,31.480609,74.42101,5843.559562567827,True
Lahore,Al Hamra Town,5,31.448106,74.257057,6978.879706152434,True
Lahore,Al Kareem Garden,5,31.589742,74.451851,6887.052341597796,True
Lahore,Al Noor Town,5,31.475231,74.359496,7870.916961826053,True
Lahore,Angoori Bagh,5,31.58263,74.384136,4591.368227731864,True
Lahore,Asim Town,5,31.572519,74.442119,4407.713498622589,True
Lahore,Batapur,5,31.593122,74.493005,2899.811512251704,True
Lahore,Chauburji Chowk,5,31.554108,74.30512,8264.462809917355,True
Lahore,Dream Villas,5,31.426603,74.251413,7870.916961826053,True
Lahore,Faiz Bagh,5,31.583142,74.333324,6121.824303642486,True
Lahore,Farooq Colony,5,31.478049,74.361212,6887.052341597796,True
Lahore,Green Fort,5,31.435401,74.195094,9182.736455463728,True
Lahore,Green Park,5,31.503763,74.243489,7063.6434272797915,True
Lahore,Guldasht Town,5,31.543284,74.419842,7162.534435261708,True
Lahore,Hakim Town,5,31.418273,74.293919,3673.094582185491,True
Lahore,Hameedpura,5,31.575501,74.401381,4407.713498622589,True
Lahore,Jaffaria Colony,5,31.538164,74.280539,7346.189164370982,True
Lahore,Kacha Ferozepur Road,5,31.542643,74.309937,11937.557392102846,True
Lahore,Karim Park,5,31.590234,74.300365,10852.324901911677,True
Lahore,Khayaban E Jinnah Road,5,31.436474895687,74.26094055154,6459.136822773186,True
Lahore,Lahore Jaranwala Road,5,31.545518,74.167062,4932.44129607766,True
Lahore,Land Breeze Housing Society,5,31.418695,74.22756,9606.555061100515,True
Lahore,Mall Road,5,31.556596,74.333982,14692.378328741965,True
Lahore,Mian Mir Colony,5,31.543577,74.361005,7870.916961826053,True
Lahore,Pak Park,5,31.498883,74.24263,6121.824303642486,True
Lahore,Poonch Road,5,31.536209,74.299921,10803.219359369092,True
Lahore,Qadri Colony,5,31.48482,74.367471,5876.951331496786,True
Lahore,Rajgarh Road,5,31.559832,74.301233,9182.736455463728,True
Lahore,Rehman Villas,5,31.484967,74.4104,6734.006734006734,True
Lahore,Rifle Range Road,5,31.489277,74.376471,9641.873278236915,True
Lahore,Saggian,5,31.596965,74.238197,4897.459442913988,True
Lahore,Sui Gas Employees Cooperative Housing Society,5,31.421172,74.176819,8264.462809917355,True
Lahore,Youhanabad,5,31.411377,74.365253,3305.785123966942,True
Lahore,Ahmad Housing Society,4,31.489617,74.247793,4891.894148092495,True
Lahore,Cooper Road,4,31.562301,74.328175,18886.02129750455,True
Lahore,Cricketer Villas,4,31.495427,74.423858,5778.060323514868,True
Lahore,Divine Homes,4,31.493338,74.416925,6772.2681359045,True
Lahore,Doctors Housing Society,4,31.461139,74.233675,5981.8968909878,True
Lahore,Dubai Town,4,31.414161,74.231944,3979.185797367615,True
Lahore,Eden Park,4,31.374046,74.2138,4315.886134067952,True
Lahore,Eden Place Housing Scheme,4,31.394949,74.31861,6008.133280860553,True
Lahore,Gohawa,4,31.492432,74.427974,4683.195592286502,True
Lahore,Gor,4,31.543431,74.344225,14003.673094582186,True
Lahore,Green Park Society,4,31.488165,74.419307,7279.405626513064,True
Lahore,Gulshan Park,4,31.57134,74.394071,6206.90728548972,True
Lahore,Islamabad Colony,4,31.528186,74.297693,6266.299357208449,True
Lahore,Katar Bund Road,4,31.474503,74.231476,8080.80808080808,True
Lahore,Kharak,4,31.507215,74.264848,7438.01652892562,True
Lahore,Manga Mandi,4,31.300536,74.070125,3451.628585318425,True
Lahore,Mehmood Booti,4,31.604417,74.395037,4254.667891031528,True
Lahore,Millat Road,4,31.52771,74.292579,9090.90909090909,True
Lahore,Model Colony,4,31.499216,74.349013,10177.532904805632,True
Lahore,Mominpura Road,4,31.598287,74.413291,4591.368227731864,True
Lahore,Nisbat Road,4,31.569596,74.321026,13161.922252831344,True
Lahore,Nizamabad,4,31.554802,74.400445,5105.601469237833,True
Lahore,Pakki Thatti,4,31.531721,74.294677,6047.995964769332,True
Lahore,Passco Housing Society,4,31.4542948626665,74.222245,7782.369146005509,True
Lahore,Qilla Gujjar Singh,4,31.56859,74.330921,12921.422012331102,True
Lahore,Race Course Road,4,31.549223,74.33247,10835.629017447198,True
Lahore,Rajpoot Town,4,31.450851999999998,74.2147415,6311.044327573253,True
Lahore,Rehman Park,4,31.547266,74.282459,7221.566312475403,True
Lahore,Royal Garden,4,31.573791,74.45408,6139.315230224322,True
Lahore,Royal Residencia,4,31.395979,74.313149,6657.483930211203,True
Lahore,Sally Town South,4,31.557084,74.413786,8519.538822569124,True
Lahore,Sarwar Town,4,31.506764,74.246554,3935.4584809130265,True
Lahore,Shera Kot,4,31.540747,74.277511,4604.486422668241,True
Lahore,Singhpura,4,31.582118,74.36491,6734.006734006734,True
Lahore,Sultan Town,4,31.460297,74.240441,6427.9155188246095,True
Lahore,Sunflower Housing Society,4,31.471406,74.253759,8448.117539026629,True
Lahore,Tip Housing Society,4,31.384746,74.261613,5203.550658096113,True
Lahore,Ubl Housing Society,4,31.473126,74.413572,7591.062136516683,True
Lahore,Walton Railway Officers Colony,4,31.487894,74.355984,5448.423630241812,True
Lahore,Abid Market,3,31.553671,74.315586,16528.92561983471,True
Lahore,Ahbab Colony,3,31.485479,74.250062,6734.006734006734,True
Lahore,Al Falah Cooperative Housing Society,3,31.398386,74.494251,7468.6256504438325,True
Lahore,Al Hafeez Garden Road,3,31.586931,74.47206,6427.9155188246095,True
Lahore,Ameen Park,3,31.586834,74.294829,6802.027004047206,True
Lahore,Anarkali,3,31.571479,74.310125,14325.068870523415,True
Lahore,Atari Saroba,3,31.429122,74.369925,7162.534435261708,True
Lahore,Azadi Chowk,3,31.591979,74.305332,9445.100354191263,True
Lahore,Bahar Colony,3,31.47074,74.340206,6049.802841246691,True
Lahore,Education Town,3,31.494335,74.26878,6427.9155188246095,True
Lahore,Expo Avenue Society,3,31.456732,74.258442,10039.791857973676,True
Lahore,Gulbahar Park,3,31.453707,74.228239,5739.21028466483,True
Lahore,Gulfishan Colony,3,31.546692,74.29317,9427.609427609428,True
Lahore,Haji Park Housing Scheme,3,31.415379,74.341435,4866.850321395776,True
Lahore,Heaven Homes,3,31.431593,74.244118,7199.265381083563,True
Lahore,Jalal Colony,3,31.56742,74.431257,5876.951331496786,True
Lahore,Khayaban E Zohra,3,31.444651,74.281611,4958.677685950413,True
Lahore,Kot Khawaja Saeed,3,31.591111,74.354525,5876.951331496786,True
Lahore,Kotli Abdur Rahman,3,31.578097,74.391603,4407.713498622589,True
Lahore,LDA City,3,31.375476,74.302597,5509.641873278237,True
Lahore,Lytton Road,3,31.554,74.311302,7346.189164370982,True
Lahore,Malik Park,3,31.577512,74.292684,6887.052341597796,True
Lahore,Mason Road,3,31.552592,74.322788,7346.189164370982,True
Lahore,Mohni Road,3,31.582782,74.302586,9850.571834042908,True
Lahore,Mustafa Abad,3,31.257848,74.420247,8080.80808080808,True
Lahore,Nain Sukh,3,31.602584,74.246519,4407.713498622589,True
Lahore,Nazir Garden Society,3,31.578024,74.467807,6177.477251857416,True
Lahore,PIA Main Boulevard,3,31.448707,74.283357,9182.736455463728,True
Lahore,Paf Colony,3,31.551902,74.395579,6427.9155188246095,True
Lahore,Peer Colony,3,31.483795,74.3649,8815.426997245178,True
Lahore,Pir Naseer,3,31.560705,74.432512,4921.946740128558,True
Lahore,Public Health Society,3,31.41742,74.216552,4040.40404040404,True
Lahore,Qazi Town,3,31.59495,74.470518,5509.641873278237,True
Lahore,Queens Road,3,31.554326135696,74.320435523878,15304.560759106214,True
Lahore,Ravi Park,3,31.595315,74.306502,12149.46669492124,True
Lahore,Sadaat Town,3,31.47201,74.425628,10560.146923783288,True
Lahore,Saman Berg,3,31.472547,74.30147,6703.397612488521,True
Lahore,Saqib Town,3,31.474636,74.424378,7870.916961826053,True
Lahore,Saroba Gardens Housing Society,3,31.434094,74.353151,4591.368227731864,True
Lahore,Shah Faisal Road,3,31.530829,74.294312,8815.426997245178,True
Lahore,Shah Khawar Town,3,31.483173,74.412546,8080.80808080808,True
Lahore,Shahkam Chowk,3,31.400732,74.16959,5008.765339343851,True
Lahore,Shanghai Road,3,31.454285,74.378877,6978.879706152434,True
Lahore,Sher Shah Road,3,31.593868,74.357405,7346.189164370982,True
Lahore,Shershah Colony Ichra,3,31.536335,74.321308,5203.550658096113,True
Lahore,Sherwani Town Housing Scheme,3,31.426173,74.342422,6464.646464646465,True
Lahore,Shiraz Villas,3,31.493941,74.363204,8264.462809917355,True
Lahore,Shuja Road,3,31.519558,74.310112,11019.283746556473,True
Lahore,Sitara Colony,3,31.448435,74.35632,5465.914556823647,True
Lahore,Sufiabad,3,31.424855,74.36697,4040.40404040404,True
Lahore,Sultan Pura,3,31.581615,74.341853,8920.372556736193,True
Lahore,Tarogill,3,31.363501,74.208896,6529.945923885318,True
Lahore,Toheed Park,3,31.551046,74.292245,12855.831037649219,True
Lahore,Venus Housing Scheme,3,31.435547,74.34876,7897.153351698807,True
Lahore,WAPDA Colony,3,31.538237,74.358001,8570.55402509948,True
Lahore,Adan Villas,2,31.5787465,74.46552299999999,4482.644628099173,True
Lahore,Agrics Town,2,31.441625,74.224648,8889.399040914192,True
Lahore,Al Jannat Housing Scheme,2,31.4313465,74.2201225,3367.003367003367,True
Lahore,Al Madina Avenue,2,31.417079,74.279508,7235.996326905417,True
Lahore,Al Rahim Homes,2,31.480575,74.296239,10835.629017447198,True
Lahore,Allama Iqbal Intl Airport,2,31.521482499999998,74.40679800000001,8356.290174471993,True
Lahore,Amina Park,2,31.489185,74.249303,5417.814508723599,True
Lahore,Ar Cottages,2,31.495734,74.426671,6728.441439185241,True
Lahore,Asif Town,2,31.407778,74.349064,2999.6939087848177,True
Lahore,Azeem Garden Shahdara,2,31.668139900499,74.2676494227445,5325.987144168963,True
Lahore,Canalberg Housing Society,2,31.477038448458003,74.246603328293,7958.371594735231,True
Lahore,Chaudhary Park,2,31.583325,74.292855,9366.391184573004,True
Lahore,Civil Defence,2,31.490915,74.387413,8247.766925452876,True
Lahore,Country Homes,2,31.432864,74.470113,3673.094582185491,True
Lahore,Empress Road,2,31.56976,74.335463,8876.645240281603,True
Lahore,Fateh Villas,2,31.422382,74.336519,5387.2053872053875,True
Lahore,Gawalmandi,2,31.573197,74.325428,11019.283746556473,True
Lahore,Gujjarpura,2,31.5479171776125,74.426294990967,7913.849236163285,True
Lahore,Gul Kali,2,31.564922,74.428277,8050.198959289868,True
Lahore,Gulbahar Colony,2,31.500117,74.359753,6198.347107438016,True
Lahore,Gulshan E Ahbab,2,31.492908,74.259142,8907.254361799816,True
Lahore,Gulshan E Mustafa Housing Society,2,31.451373,74.290519,10835.629017447198,True
Lahore,Gulshan Farooq Scheme,2,31.574736,74.396124,6587.082950719314,True
Lahore,Gulzar E Ahbab Society,2,31.497267,74.259941,6841.138659320477,True
Lahore,Hall Road,2,31.564477,74.318644,19628.099173553717,True
Lahore,Ibl Housing Scheme,2,31.579778,74.489665,3734.312825221916,True
Lahore,Inmol Society,2,31.405492,74.405932,5050.50505050505,True
Lahore,Jaffar Town,2,31.447703,74.253495,6942.148760330578,True
Lahore,Jalal Pura,2,31.258188,74.2378,4897.459442913988,True
Lahore,Jan Muhammad Road,2,31.448466,74.253313,7346.189164370982,True
Lahore,Jaranwala Road,2,31.6034947508905,74.22972315843,4940.312213039486,True
Lahore,Javed Colony Ghazi Road,2,31.461066,74.363873,8111.417202326293,True
Lahore,Kachupura,2,31.58263,74.337945,18059.38169574533,True
Lahore,Kakezai Housing Society,2,31.387238,74.313583,7897.153351698806,True
Lahore,Lahore Kasur Road,2,31.3573131926815,74.37836299173699,5570.860116314662,True
Lahore,Lahore Punjab,2,31.545771394936,74.341328144074,7621.671258034894,True
Lahore,Madina Homes,2,31.425357,74.362532,7193.14355677992,True
Lahore,Makki Complex,2,31.4516092114845,74.35194445527401,6060.60606060606,True
Lahore,Malipura,2,31.583763,74.299972,10674.931129476583,True
Lahore,Mian Aziz Garden,2,31.588558,74.496808,4637.281910009183,True
Lahore,Mian Colony,2,31.568563,74.3922055,6856.443220079584,True
Lahore,Nabi Pura,2,31.569904,74.39615,8126.721763085399,True
Lahore,Nasirabad,2,31.454915,74.254189,5203.550658096113,True
Lahore,New Samanabad,2,31.535401,74.306508,5867.992564223163,True
Lahore,Officer Colony,2,31.503134,74.369437,9751.191569373386,True
Lahore,Paf Society,2,31.354223,74.237537,8861.340679522498,True
Lahore,Qartaba Chowk,2,31.548813,74.31505,3580.3396684939385,True
Lahore,Qasurpura,2,31.5959,74.299164,11202.93847566575,True
Lahore,River View Coop Housing Society,2,31.441296,74.24474,4775.022956841139,True
Lahore,Shahpur Kanjra,2,31.463225,74.201696,4634.220997857362,True
Lahore,Sozo Town,2,31.585078,74.484757,2907.866544230181,True
Lahore,Sunderdas Road,2,31.554329,74.34699,11100.90807060504,True
Lahore,Swami Nagar,2,31.578462,74.346285,7162.534435261708,True
Lahore,Temple Road,2,31.555655,74.316298,11270.129230217923,True
Lahore,Umt Society,2,31.45204,74.294587,10590.7560453015,True
Lahore,Waris Colony,2,31.495469,74.266505,7407.407407407407,True
Lahore,Waris Road,2,31.548423,74.319806,15130.645295934552,True
Lahore,Abdullah Town,1,31.495099,74.24091,3673.094582185491,True
Lahore,Al Fajar Society,1,31.315039,74.373252,4897.459442913988,True
Lahore,Al Kareem Premier Housing Scheme,1,31.553473,74.409466,6611.570247933884,True
Lahore,Al Raheem Town,1,31.645929,74.285002,7713.498622589532,True
Lahore,Al Raziq Garden,1,31.559283,74.184612,4591.368227731864,True
Lahore,Al Wahab Garden Phase 1,1,31.625415,74.223201,3673.094582185491,True
Lahore,Alia Town,1,31.60557,74.380595,4285.27701254974,True
Lahore,Alpha Society,1,31.486723,74.284694,10651.974288337924,True
Lahore,Aman Town,1,31.427965,74.287249,5876.951331496786,True
Lahore,Ameer Ud Din Park,1,31.553707,74.40623,9182.736455463728,True
Lahore,Angori Scheme 1,1,31.585137534145,74.382564765377,11753.902662993572,True
Lahore,Ashrafi Town,1,31.291589,74.216466,2361.275088547816,True
Lahore,Asif Colony,1,31.596796,74.38581,4132.231404958678,True
Lahore,Bahar Shah Road,1,31.545321,74.403682,4958.677685950413,True
Lahore,Bahria Education And Medical City,1,31.296155,74.319888,2448.729721456994,True
Lahore,Bait Ul Raza Colony,1,31.530263,74.288435,7346.189164370982,True
Lahore,Beadon Road,1,31.564148,74.321737,6313.131313131313,True
Lahore,Bhaini Road,1,31.628987,74.43975,3060.912151821243,True
Lahore,Bhogiwal,1,31.585937,74.360069,7713.498622589532,True
Lahore,Birdwood Road,1,31.546954,74.32336,4820.936639118458,True
Lahore,Cantt View Society,1,31.483982720787,74.415568113545,6427.9155188246095,True
Lahore,Chauburji,1,31.554911,74.30449,11301.829483647665,True
Lahore,Chaudhary Colony,1,31.529861,74.303155,8356.290174471993,True
Lahore,Combo Colony,1,31.528983,74.306331,8264.462809917355,True
Lahore,Crescent Town,1,31.499019,74.263151,7346.189164370982,True
Lahore,DHA City,1,31.4499,74.210572,10284.664830119376,True
Lahore,Dars Baray Mian,1,31.572885,74.377959,4489.337822671156,True
Lahore,Data Darbar Road,1,31.578373,74.30648,8264.462809917355,True
Lahore,Data Ganj Bakhsh Town,1,31.590580765964,74.326720623245,9917.355371900827,True
Lahore,Defence Fort,1,31.460255,74.365033,7805.325987144169,True
Lahore,Defence Garden,1,31.439484,74.364392,4591.368227731864,True
Lahore,Farid Court Road,1,31.561621,74.310942,4407.713498622589,True
Lahore,Ferozepur City,1,31.308609,74.394432,6317.722681359045,True
Lahore,Firdous Colony,1,31.544817,74.280543,6704.855189703675,True
Lahore,Ghalib Colony,1,31.529458,74.299936,5387.2053872053875,True
Lahore,Gujjar Colony,1,31.415186,74.327831,2203.8567493112946,True
Lahore,Gul Colony,1,31.455025,74.361649,6121.824303642486,True
Lahore,Gulistan Colony,1,31.454073,74.356456,8570.55402509948,True
Lahore,Gulshan E Riaz,1,31.412769,74.214792,9403.122130394857,True
Lahore,Gulshan E Yaseen Housing Society,1,31.608854,74.46042,3183.3486378940925,True
Lahore,Gulshan View Residence Society,1,31.485859,74.376971,9182.736455463728,True
Lahore,Gulzar Colony,1,31.481889,74.240654,11019.283746556473,True
Lahore,Hanjarwal,1,31.486823,74.255145,6121.824303642486,True
Lahore,Heir,1,31.407676,74.490373,6489.133761861034,True
Lahore,Ibrahim Colony,1,31.555819,74.431898,6427.9155188246095,True
Lahore,Jia Baga Road,1,31.340132142362,74.240109287202,5509.641873278237,True
Lahore,Kala Khatai Road,1,31.665791,74.313979,2623.6389872753507,True
Lahore,Kalma Chowk,1,31.504331,74.331499,9641.873278236915,True
Lahore,Khaira,1,31.584898039748,74.497890326326,2448.729721456994,True
Lahore,Khana Kacha Road,1,31.373857,74.355927,3060.912151821243,True
Lahore,Khokhar Town,1,31.583992,74.287735,5509.641873278237,True
Lahore,Lahore Cantt Coop Housing,1,31.48493,74.39803,8264.462809917355,True
Lahore,Lakhodher,1,31.610662,74.41594,5264.768901132537,True
Lahore,Liaquatabad,1,31.563727,74.302597,5142.332415059688,True
Lahore,Lower Mall,1,31.566031,74.304471,2938.475665748393,True
Lahore,Madar E Millat Road,1,31.442025,74.317221,10101.0101010101,True
Lahore,Mahmood Road,1,31.536595,74.30899,11019.283746556473,True
Lahore,Manga Raiwind Road,1,31.256298,74.21428,3673.094582185491,True
Lahore,Manzoor Colony,1,31.564183,74.421104,6710.461255915801,True
Lahore,Maryam Town,1,31.287076,74.228084,3339.176892895901,True
Lahore,Mateen Garden,1,31.6503,74.27006,9182.736455463728,True
Lahore,Mayo Gardens,1,31.555902,74.349239,7640.036730945822,True
Lahore,Mcleod Road,1,31.569249,74.328082,12855.831037649219,True
Lahore,Meraj Park,1,31.505806,74.263532,5509.641873278237,True
Lahore,Millat Colony,1,31.528256,74.358815,7897.153351698807,True
Lahore,Mohlanwal,1,31.407449,74.140653,4995.408631772269,True
Lahore,Mohlanwal Scheme,1,31.403795,74.172728,6427.9155188246095,True
Lahore,Mominpur,1,31.6012,74.416051,6978.879706152434,True
Lahore,Montgomery Road,1,31.567128,74.327763,16324.864809713294,True
Lahore,Munir Garden,1,31.488037109375,74.233207702637,4775.022956841139,True
Lahore,Muqaddas Park,1,31.549781,74.288002,8080.80808080808,True
Lahore,Mushtaq Park Phase 3,1,31.582484,74.388978,8264.462809917355,True
Lahore,NFC 2,1,31.36366,74.155076,5509.641873278237,True
Lahore,Nabha Road,1,31.565723,74.307428,13590.449954086318,True
Lahore,Nai Abadi Harbanspura,1,31.572523,74.42092,3673.094582185491,True
Lahore,Nayyab Villas,1,31.490163,74.385595,5650.914741823833,True
Lahore,Noor Jahan Road,1,31.509378,74.343787,11019.283746556473,True
Lahore,Others,1,31.5546,74.3572,2693.6026936026938,True
Lahore,Pine Villas,1,31.43654,74.192546,9550.045913682277,True
Lahore,Prem Nagar,1,31.560838,74.299722,7562.253551558365,True
Lahore,Railway Officers Colony,1,31.486266,74.356027,6795.224977043159,True
Lahore,Rana Shaukat Mehmood Road,1,31.529703,74.342052,11019.283746556473,True
Lahore,Rang Mahal,1,31.583215,74.318558,8920.372556736193,True
Lahore,Real Cottages,1,31.488004,74.408813,7346.189164370982,True
Lahore,Rehman Housing Society,1,31.473392,74.297295,7713.498622589532,True
Lahore,Rehmanpura Harbanspura,1,31.576197,74.457871,10284.664830119376,True
Lahore,Rewaz Garden,1,31.559585,74.303647,12855.831037649219,True
Lahore,Saadat Avenue,1,31.482377,74.295437,3489.439853076217,True
Lahore,Saadi Park,1,31.55166,74.312382,4113.86593204775,True
Lahore,Samanzar Colony,1,31.508534,74.252643,5436.179981634527,True
Lahore,Samsani Road,1,31.484997460282,74.259339720011,7805.325987144169,True
Lahore,Shahtaj Colony,1,31.488846,74.370232,6611.570247933884,True
Lahore,Siddiqia Society College Road,1,31.427388,74.288086,8815.426997245178,True
Lahore,Sikandar Road,1,31.545929,74.361102,16695.884464479506,True
Lahore,Sultan Colony,1,31.469192,74.42919,9182.736455463728,True
Lahore,Sundar,1,31.354494,74.126946,3060.912151821243,True
Lahore,Sundar Industrial Estate,1,31.28838,74.167671,7346.189164370982,True
Lahore,Supreme Villas,1,31.401094,74.363397,7063.643427279791,True
Lahore,Tariq Ismail Road,1,31.429436,74.24382,7652.280379553107,True
Lahore,Tulspura,1,31.581206,74.459391,5142.332415059688,True
Lahore,Vital Homes Housing Scheme,1,31.427946,74.343731,8080.80808080808,True
Lahore,Wyeth Employees Coop Housing,1,31.379947,74.247358,5876.951331496786,True
Lahore,Yazdani Road,1,31.555641,74.421618,6121.824303642486,True
Lahore,Zaitoon Colony,1,31.58541,74.40901,8227.7318640955,True
Lahore,Zaman Park,1,31.551733,74.352636,11937.557392102846,True
Rawalpindi,Bahria Town Rawalpindi,1810,33.506584,73.104358,6887.052341597796,False
Rawalpindi,Adiala Road,385,33.550869,73.056182,3893.4802571166206,False
Rawalpindi,Gulraiz Housing Scheme,213,33.5628,73.107144,6464.646464646465,False
Rawalpindi,Airport Housing Society,195,33.590885,73.13353,5203.550658096113,False
Rawalpindi,Satellite Town,142,33.638436,73.069593,14692.378328741965,False
Rawalpindi,Gulshan Abad,114,33.530556,73.061264,4086.3177226813586,False
Rawalpindi,Chaklala Scheme,113,33.656924,73.143826,6795.224977043159,False
Rawalpindi,Media Town,100,33.560887,73.125937,7405.432625373975,False
Rawalpindi,Misryal Road,84,33.600512236519,72.998030662602,4285.27701254974,False
Rawalpindi,Peshawar Road,83,33.602664,73.030196,6544.786710075966,False
Rawalpindi,Askari 14,79,33.543004,73.067576,6244.260789715335,False
Rawalpindi,Chakri Road,75,33.543125,72.98946,3452.7089072543617,False
Rawalpindi,Range Road,74,33.59859301251,73.018003463876,6535.536631011932,False
Rawalpindi,Westridge,65,33.614905,73.021817,7346.189164370982,False
Rawalpindi,Shalley Valley,61,33.597548,73.014176,6427.9155188246095,False
Rawalpindi,Islamabad Highway,57,33.600268,73.129443,4591.368227731864,False
Rawalpindi,Tulsa Road,51,33.567664,73.052858,5247.277974550701,False
Rawalpindi,Khayaban E Sir Syed,48,33.638847,73.048089,10407.101316192226,False
Rawalpindi,Defence Road,46,33.536816067733,73.101267814636,4748.786566968385,False
Rawalpindi,Gulzar E Quaid Housing Society,43,33.600376,73.130983,4995.408631772269,False
Rawalpindi,Dhok Sayedan Road,39,33.587944907177,73.013581037521,3673.094582185491,False
Rawalpindi,Lalazar,39,33.566573,73.056579,4944.550399095853,False
Rawalpindi,Samarzar Housing Society,39,33.527739,73.044534,2999.6939087848177,False
Rawalpindi,Dhamyal Road,37,33.556438852629,73.024669289589,3085.3994490358127,False
Rawalpindi,Gulistan Colony,33,33.56904,73.095295,5509.641873278237,False
Rawalpindi,Chakra Road,32,33.589588,72.985815,3530.1131982228662,False
Rawalpindi,Sadiqabad,30,33.632397631087,73.080732822418,7199.265381083563,False
Rawalpindi,Muslim Town,28,33.62861,73.092252,8509.335782063055,False
Rawalpindi,Afshan Colony,26,33.595247,73.023591,6219.216963018616,False
Rawalpindi,Dhoke Syedan,26,33.526416,72.644958,3673.094582185491,False
Rawalpindi,New Lalazar,26,33.561043,73.070615,6236.222030528734,False
Rawalpindi,Dhok Kashmirian,22,33.643,73.083284,9748.716438253316,False
Rawalpindi,Askari 7,21,33.56103,73.062276,6611.570247933884,False
Rawalpindi,Girja Road,20,33.564923,72.993558,2865.0137741046833,False
Rawalpindi,Askari 13,19,33.569523,73.064679,9366.391184573004,True
Rawalpindi,Chakra,19,33.58932,72.979099,3489.439853076217,True
Rawalpindi,Sher Zaman Colony,19,33.563506,73.044523,4507.888805409467,True
Rawalpindi,Caltex Road,18,33.553583,73.068339,6305.47903275176,True
Rawalpindi,Morgah,18,33.544399,73.072507,4086.3177226813586,True
Rawalpindi,Rail View Housing Society,16,33.596886,73.119657,4729.10927456382,True
Rawalpindi,Capital Smart City,15,33.507121,72.875686,7235.261707988981,True
Rawalpindi,Dhok Paracha,15,33.640455,73.084095,11019.283746556473,True
Rawalpindi,Kurri Road,15,33.635881398191,73.090796470642,6887.052341597796,True
Rawalpindi,Quaid E Azam Colony,15,33.564463,73.021138,3673.094582185491,True
Rawalpindi,Tench Bhata,15,33.584665,73.035436,4674.847650054262,True
Rawalpindi,Saddar,14,33.596104,73.053582,7451.1347238619965,True
Rawalpindi,Saidpur Road,14,33.638391409706,73.063126802445,9573.002754820936,True
Rawalpindi,GT Road,13,33.495074,73.196914,5509.641873278237,True
Rawalpindi,Liaquat Colony,13,33.560965,73.018478,2754.8209366391184,True
Rawalpindi,Janjua Town,12,33.544556,73.056127,3627.1808999081723,True
Rawalpindi,Krl Road,12,33.616254337948,73.108488321304,6468.727680848893,True
Rawalpindi,Sadiqa Abad,12,33.63238,73.080232,8080.80808080808,True
Rawalpindi,Airport Road,11,33.609596,73.106396198273,5325.987144168962,True
Rawalpindi,Cantt,11,33.62501,73.10004,7805.325987144169,True
Rawalpindi,Gulshan E Iqbal,11,33.551195,73.026159,3085.3994490358127,True
Rawalpindi,High Court Road,11,33.563238,73.102118,5142.332415059688,True
Rawalpindi,Mangral Town,11,33.613702,73.118296,5933.460478915024,True
Rawalpindi,Munawar Colony,11,33.55048,73.059787,3673.094582185491,True
Rawalpindi,Others,11,33.5984,73.0441,4453.627180899908,True
Rawalpindi,Peer Meher Ali Shah Town,11,33.544952,72.997505,2791.5518824609735,True
Rawalpindi,People Colony,11,33.593326,73.028933,4851.256995339329,True
Rawalpindi,Shakrial,11,33.633452,73.09963,6296.733569460842,True
Rawalpindi,Yousaf Colony,11,33.580696,73.1015,6611.570247933884,True
Rawalpindi,Allahabad Road,10,33.614262,73.007731,5999.387817569635,True
Rawalpindi,Pir Wadhai,10,33.632022,73.039205,6270.497179588088,True
Rawalpindi,Rawat,10,33.4897,73.1969,3235.8214176395995,True
Rawalpindi,Ali Town,9,33.553087,73.055075,3836.343230282624,True
Rawalpindi,Allama Iqbal Colony,9,33.588419,73.018459,3840.053426830286,True
Rawalpindi,Asghar Mall Road,9,33.627636254825,73.060573339462,12714.558169103624,True
Rawalpindi,Ashraf Colony,9,33.558562,73.026545,3522.1454897669096,True
Rawalpindi,Clifton Township,9,33.527079,73.064508,3305.785123966942,True
Rawalpindi,Dheri Hassanabad,9,33.573545353934,73.051142692566,5247.277974550701,True
Rawalpindi,Faisal Colony,9,33.579624,73.038372,5968.778696051423,True
Rawalpindi,Harley Street,9,33.576048,73.044317,7346.189164370982,True
Rawalpindi,Murree Road,9,33.657522,73.082898,12488.52157943067,True
Rawalpindi,New Afzal Town,9,33.590349,73.106135,4040.40404040404,True
Rawalpindi,Ayub Colony,8,33.582625,73.10109,6328.435873890419,True
Rawalpindi,Bakra Mandi,8,33.572499,73.038762,5101.5202530354045,True
Rawalpindi,Dhoke Hassu,8,33.049786,73.120357,5693.2966023875115,True
Rawalpindi,Khayaban E Tanveer,8,33.584546,73.099647,7125.803489439853,True
Rawalpindi,Khurram Colony,8,33.625787,73.09369,8483.099392190303,True
Rawalpindi,PIA Colony,8,33.603452,73.011125,6856.443220079584,True
Rawalpindi,Pindora,8,33.64351839448,73.07051897049,9825.528007346189,True
Rawalpindi,Sangar Town,8,33.612671,73.119396,5572.537328452646,True
Rawalpindi,Amarpura,7,33.622472,73.071652,6611.570247933884,True
Rawalpindi,Askari 10,7,33.586989,73.077743,9488.827670645853,True
Rawalpindi,Askari 12,7,33.597588,73.080837,11019.283746556473,True
Rawalpindi,Askari 4,7,33.584397,73.079805,4224.058769513315,True
Rawalpindi,Chaklala,7,33.597539,73.08817,4197.822379640562,True
Rawalpindi,Dhoke Banaras Road,7,33.59247,73.01495,3979.1857973676156,True
Rawalpindi,Fazal Town,7,33.602968,73.117955,5876.951331496786,True
Rawalpindi,Ideal Homes Society,7,33.596446,73.12485,5509.641873278237,True
Rawalpindi,Khanna Road,7,33.628433,73.102067,8080.80808080808,True
Rawalpindi,Lalarukh Colony,7,33.559778,73.013309,3673.094582185491,True
Rawalpindi,Palm City,7,33.583085,73.107189,4040.40404040404,True
Rawalpindi,Shah Khalid Colony,7,33.603968,73.113964,4775.022956841139,True
Rawalpindi,Army Officers Colony,6,33.538274,73.082598,6519.742883379247,True
Rawalpindi,Askari 1,6,33.581306,73.087962,4343.34852346747,True
Rawalpindi,Askari 2,6,33.585054,73.083517,3891.545406954382,True
Rawalpindi,Bilal Colony,6,33.646551,73.086988,11281.647645284009,True
Rawalpindi,Bostan Valley,6,33.565685,73.101525,7440.640167912896,True
Rawalpindi,Dhok Gujran,6,33.599193,72.990881,4417.916539128661,True
Rawalpindi,PWD Colony,6,33.570881,73.145235,4437.7660906586525,True
Rawalpindi,Police Foundation Housing Scheme,6,33.566321,73.133953,5234.159779614325,True
Rawalpindi,Shams Abad,6,33.651485,73.08069,10059.270389848902,True
Rawalpindi,Transformer Chowk,6,33.633484,73.087673,7897.153351698807,True
Rawalpindi,Affandi Colony,5,33.631594,73.08103,6887.052341597796,True
Rawalpindi,Air Force Housing Society,5,33.622267,73.100574,7805.325987144169,True
Rawalpindi,Al Noor Colony,5,33.628011,73.10756,6821.461366915913,True
Rawalpindi,Aslam Shaheed Road,5,33.567813,73.047253,5387.2053872053875,True
Rawalpindi,Awan Town,5,33.622923,72.988781,4407.713498622589,True
Rawalpindi,Bostan Road,5,33.576262771976,73.101353645325,6198.347107438017,True
Rawalpindi,Chur Chowk,5,33.608937,73.010579,5509.641873278237,True
Rawalpindi,Commercial Market,5,33.586109,73.088359,4591.368227731864,True
Rawalpindi,Ghauri Town,5,33.622767,73.127074,6978.879706152434,True
Rawalpindi,Ghaziabad,5,33.574537,73.023752,3213.9577594123048,True
Rawalpindi,Ghous E Azam Road,5,33.556512,73.011289,3085.3994490358127,True
Rawalpindi,Haji Chowk,5,33.630256,73.089402,9182.736455463728,True
Rawalpindi,Judicial Colony,5,33.595729,73.134502,8448.11753902663,True
Rawalpindi,Kartar Pura,5,33.624836,73.063598,7958.371594735231,True
Rawalpindi,Lalazar 2,5,33.551679,73.02683,3213.9577594123048,True
Rawalpindi,Liaquat Bagh,5,33.606164,73.064503,5247.277974550701,True
Rawalpindi,Mumtaz Colony,5,33.560583,73.058993,6427.9155188246095,True
Rawalpindi,Race Course,5,33.604415,73.035947,6887.052341597796,True
Rawalpindi,Safari View Residencia,5,33.57898,73.112934,3367.003367003367,True
Rawalpindi,Sir Syed Chowk,5,33.646199,72.979628,6121.824303642486,True
Rawalpindi,Walait Homes,5,33.600327,73.091517,6427.9155188246095,True
Rawalpindi,Wazir Town,5,33.595514,73.116757,4271.040211843595,True
Rawalpindi,Al Haram City Phase 2,4,33.440284,73.070151,2497.7043158861343,True
Rawalpindi,Aria Mohalla,4,33.608375,73.066684,6456.484032241608,True
Rawalpindi,Ayub National Park,4,33.567073,73.083193,8321.854912764004,True
Rawalpindi,Banaras Colony,4,33.591484,73.102738,3377.935196117014,True
Rawalpindi,Chah Sultan,4,33.624,73.075229,8218.549127640037,True
Rawalpindi,Chandni Chowk,4,33.63154,73.072566,9733.700642791551,True
Rawalpindi,Chanman Abad,4,33.587435,73.012751,2387.5114784205693,True
Rawalpindi,Committee Chowk,4,33.613076543351,73.065555095454,9182.736455463728,True
Rawalpindi,Dhok Elahi Baksh,4,33.611724,73.068216,12068.739341466615,True
Rawalpindi,Dhok Kala Khan,4,33.653209,73.089802,6114.316405911603,True
Rawalpindi,Dhok Mangtal,4,33.621802540191,73.04135799408,6165.551620097074,True
Rawalpindi,Farooq E Azam Road,4,33.646747761919,73.089898466933,6961.388779570598,True
Rawalpindi,Friends Colony,4,33.603504,72.997584,4617.6046176046175,True
Rawalpindi,Gawal Mandi,4,33.604308,73.059168,9149.344686534769,True
Rawalpindi,Imam Bara Road,4,33.623938,73.058936,10101.0101010101,True
Rawalpindi,Kalma Chowk,4,33.57258,73.03872,5325.987144168963,True
Rawalpindi,Kamala Abad,4,33.573506,73.031395,6244.260789715336,True
Rawalpindi,Nawaz Colony,4,33.594686,73.125371,4530.149984695439,True
Rawalpindi,Rawal Road,4,33.615064,73.081743,9749.005203550658,True
Rawalpindi,Rehmanabad,4,33.636516,73.075168,16835.016835016835,True
Rawalpindi,Sabzazar,4,33.578663,73.055352,6322.969959333595,True
Rawalpindi,Shaheen Town,4,33.610152,73.121989,5876.951331496786,True
Rawalpindi,Tali Mori,4,33.571525112715,73.043224811554,4155.602901684407,True
Rawalpindi,Abid Majeed Road,3,33.586824402262,73.0315,7346.189164370982,True
Rawalpindi,Ahmad Abad,3,33.570787,73.023819,4040.40404040404,True
Rawalpindi,Akalgarh,3,33.620887,73.0517,6978.879706152434,True
Rawalpindi,Askari 11,3,33.598893,73.026845,7652.280379553107,True
Rawalpindi,Askari 15,3,33.530129,73.165253,5699.629524080935,True
Rawalpindi,Askari 3,3,33.5874,73.081523,4908.014312403027,True
Rawalpindi,Bahar Colony,3,33.561291,73.01735,2537.774438600885,True
Rawalpindi,Chaudhary Jan Colony,3,33.582037,73.099496,7346.189164370982,True
Rawalpindi,Chaudhary Wilayat Khan Road,3,33.590196,73.086727,3673.094582185491,True
Rawalpindi,Cricket Stadium Road,3,33.681293,73.081146,9182.736455463728,True
Rawalpindi,Dav College Road,3,33.610207,73.060715,7346.189164370982,True
Rawalpindi,Dhoke Gangal,3,33.499095,72.980756,4848.484848484848,True
Rawalpindi,Dhoke Khabba,3,33.615273,73.07794,7713.498622589532,True
Rawalpindi,Eastridge Housing Scheme,3,33.558435,73.099774,7958.371594735231,True
Rawalpindi,Faizabad,3,33.662514,73.084356,3673.094582185491,True
Rawalpindi,Garja,3,33.561773,72.982199,2350.780532598714,True
Rawalpindi,Gulbahar Scheme,3,33.588932,73.126821,3673.094582185491,True
Rawalpindi,Gulshan E Saeed,3,33.553054,73.009266,4897.459442913988,True
Rawalpindi,Humak,3,33.538462,73.144913,7083.825265643448,True
Rawalpindi,Jarahi,3,33.544434,73.045724,3673.094582185491,True
Rawalpindi,Lalkurti,3,33.582028,73.058222,7346.189164370982,True
Rawalpindi,Magistrate Colony,3,33.638016,73.080731,8264.462809917355,True
Rawalpindi,Naseerabad,3,33.6219,72.982102,3935.4584809130265,True
Rawalpindi,Qasimabad,3,33.620748,73.073004,4652.586470768289,True
Rawalpindi,Rawalpindi Punjab,3,33.588311344901,73.03539276123,4040.40404040404,True
Rawalpindi,Stadium Road,3,33.652690826699,73.076012134552,14692.378328741965,True
Rawalpindi,Wah Link Road,3,33.742691,72.731802,2525.252525252525,True
Rawalpindi,Babar Colony,2,33.618157,73.109415,5913.682277318641,True
Rawalpindi,Bagh Sardaran,2,33.6202,73.054412,8953.168044077134,True
Rawalpindi,CBR Town Phase 2,2,33.565513,72.921335,6165.551620097074,True
Rawalpindi,City Villas,2,33.560433,73.09758,5683.093561881441,True
Rawalpindi,College Road,2,33.573004999999995,73.10904149999999,3900.4766277493545,True
Rawalpindi,Defence Colony,2,33.623169,73.108832,5927.038984890225,True
Rawalpindi,Dhok Hukamdad,2,33.625201,73.113075,9550.045913682277,True
Rawalpindi,Dhok Mustaqeem Road,2,33.611903,72.987028,5332.108968472605,True
Rawalpindi,Dhoke Munshi Khan,2,33.639383,73.07736,2846.6483011937557,True
Rawalpindi,Doctors Housing Society,2,33.56918,73.127448,5876.951331496786,True
Rawalpindi,Gorakhpur,2,33.473784,73.035702,3122.130394857668,True
Rawalpindi,Gulistan Fatima Colony,2,33.547454,73.003426,2571.166207529844,True
Rawalpindi,Gulshan E Safeer,2,33.620141,72.994683,6611.570247933884,True
Rawalpindi,Holy Family Road,2,33.63442,73.0591665,10756.91984782894,True
Rawalpindi,Kallar Syedan,2,33.415252,73.377829,5850.714941624033,True
Rawalpindi,Malik Colony,2,33.570802,73.001699,1725.0426341335433,True
Rawalpindi,Mall Road,2,33.590653,73.054639,5876.951331496786,True
Rawalpindi,National Garden Housing Scheme,2,33.439723,72.886186,3929.151656424384,True
Rawalpindi,Railway Scheme 9,2,33.59606,73.127045,4820.936639118458,True
Rawalpindi,Ranial,2,33.54107,72.979484,2249.770431588613,True
Rawalpindi,Taj Residencia,2,33.588334,72.967379,5634.861006761834,True
Rawalpindi,Tench Road,2,33.581932,73.036329,4556.386374568193,True
Rawalpindi,Tipu Road,2,33.623192,73.0895605,9248.327430145611,True
Rawalpindi,Zeeshan Colony,2,33.5910625,73.02399,4611.174129890707,True
Rawalpindi,Ali Abad,1,33.639812,73.092037,9550.045913682277,True
Rawalpindi,Askari 5,1,33.584073,73.08662,9182.736455463728,True
Rawalpindi,Askari 9,1,33.60534,73.097802,10203.040506070809,True
Rawalpindi,Azizabad,1,33.586559295654,73.029487609863,2856.8513416998267,True
Rawalpindi,Badar Colony,1,33.636856,73.038925,7870.916961826053,True
Rawalpindi,Bangash Colony,1,33.63523,73.038482,7614.952182579677,True
Rawalpindi,Bankers Colony,1,33.546438,73.061718,3305.785123966942,True
Rawalpindi,Bethsaida Colony,1,33.602574,73.000667,3769.754965927215,True
Rawalpindi,Capital Awami Villas,1,33.356755,72.804736,2856.8513416998267,True
Rawalpindi,Chakbeli Road,1,33.475745,73.195159,795.8371594735231,True
Rawalpindi,Chakri,1,33.292707,72.759989,2295.684113865932,True
Rawalpindi,Chungi No 22 Road,1,33.577827,73.041019,11019.283746556473,True
Rawalpindi,Civil Lines,1,33.58731,73.068756,8745.463290917836,True
Rawalpindi,Cmh Road,1,33.580629,73.049434,7346.189164370982,True
Rawalpindi,Dhok Chiragh Din,1,33.597141,73.070945,6121.824303642486,True
Rawalpindi,Dhok Naju,1,33.637677,73.053962,9182.736455463728,True
Rawalpindi,Dhoke Dalal Road,1,33.638847,73.04809,6856.443220079584,True
Rawalpindi,Dhoke Ratta,1,33.613667,73.045885,8815.426997245178,True
Rawalpindi,Fazaia Colony,1,33.618783,73.115083,4238.186056367875,True
Rawalpindi,Gangaal,1,33.308624,72.843267,4238.186056367875,True
Rawalpindi,Ghousia Colony,1,33.650351,73.063556,13774.104683195592,True
Rawalpindi,Gulistan E Jinnah Colony,1,33.66089,73.08591,8876.645240281603,True
Rawalpindi,Gulshan Dadan,1,33.654209,73.079503,4591.368227731864,True
Rawalpindi,Gulshan E Shamal,1,33.508088,73.044307,2203.8567493112946,True
Rawalpindi,Islamabad Farm Houses,1,33.379756,72.949874,734.6189164370983,True
Rawalpindi,Jhanda Chichi,1,33.590813804824,73.074960708618,9182.736455463728,True
Rawalpindi,Jumma Market,1,33.652557,73.067955,4132.231404958678,True
Rawalpindi,Kacheri Chowk,1,33.585584,73.06748,12855.831037649219,True
Rawalpindi,Kahuta,1,33.597749,73.386683,2754.8209366391184,True
Rawalpindi,Khayaban E Faisal,1,33.60127,73.122014,5509.641873278237,True
Rawalpindi,Marir Hassan,1,33.59674,73.06654,5509.641873278237,True
Rawalpindi,Model Colony,1,33.645739,73.093681,6795.224977043159,True
Rawalpindi,Model Town Humak,1,33.538727,73.147434,5247.277974550701,True
Rawalpindi,Mohallah Raja Sultan,1,33.638718,73.056339,9794.918885827976,True
Rawalpindi,Mohammadi Colony,1,33.591045,73.02166,6996.370632734269,True
Rawalpindi,Mohan Pura,1,33.609223,73.051007,12121.212121212122,True
Rawalpindi,Momin Pura,1,33.608472,73.049548,13118.194936376754,True
Rawalpindi,Nanak Pura,1,33.611027,73.053435,16528.92561983471,True
Rawalpindi,New Katarian,1,33.645742,73.059804,13468.013468013469,True
Rawalpindi,Nussah Town,1,33.621409,73.109972,5509.641873278237,True
Rawalpindi,Professors Colony,1,33.636346,73.103449,6821.461366915913,True
Rawalpindi,Punjab Government Servant Housing Foundation Pgshf,1,33.517469,73.046617,5876.951331496786,True
Rawalpindi,Raheemabad,1,33.599976,73.078259,4775.022956841139,True
Rawalpindi,Raja Bazar,1,33.61911,73.0507,9182.736455463728,True
Rawalpindi,Sarafa Bazar,1,33.617088,73.059762,11353.201435846064,True
Rawalpindi,Sarwar Road,1,33.592961,73.06062,6559.097468188377,True
Rawalpindi,Tulsa,1,33.567663,73.051529,8264.462809917355,True
Rawalpindi,Waris Khan,1,33.619997980198,73.064964998673,10494.555949101403,True
Rawalpindi,Wireless Residential Colony,1,33.592655344729,73.042820805577,6481.931615621455,True
Rawalpindi,Zafar Ul Haq Road,1,33.61746,73.073427,11753.902662993572,True
